ID,Dataset,Direction,Train,Avg_Speed,Component,Num_Trip,Engine_Status,Accel_Path,Vel_Path,Scores_Path,UnifiedScore_Path,is_ABU-B_enabled,is_ABU-A_enabled,N_acc,N_vel,N_discrepance,Reference_Bearing,Bearing_Columns,Weldings,Wheel_Fault
cfd3fd94-96b8-4ddd-b8dd-20edaa048e30,Santa_Maria_a_Vico,Ritorno,005,C,Y,1,,datasets/Santa_Maria_a_Vico/Ritorno/005/C/Rettilineo_Y_C1_005.txt,datasets/Santa_Maria_a_Vico/Ritorno/005/Profili delle velocità/Vel_005_C1.txt,datasets/Santa_Maria_a_Vico/Ritorno/005/C/Scores_Y_C1_005.txt,datasets/Santa_Maria_a_Vico/Ritorno/005/C/UnifiedScore_Y_C1_005.txt,False,False,384685,384685,0,,,,
f235dbfa-3c19-40a8-9a50-067290c06078,Santa_Maria_a_Vico,Ritorno,005,C,Z,1,,datasets/Santa_Maria_a_Vico/Ritorno/005/C/Rettilineo_Z_C1_005.txt,datasets/Santa_Maria_a_Vico/Ritorno/005/Profili delle velocità/Vel_005_C1.txt,datasets/Santa_Maria_a_Vico/Ritorno/005/C/Scores_Z_C1_005.txt,datasets/Santa_Maria_a_Vico/Ritorno/005/C/UnifiedScore_Z_C1_005.txt,False,False,384685,384685,0,,,,
abc03f57-fca2-4ae1-81fd-eb50925da3b9,Santa_Maria_a_Vico,Ritorno,005,C,X,1,,datasets/Santa_Maria_a_Vico/Ritorno/005/C/Rettilineo_X_C1_005.txt,datasets/Santa_Maria_a_Vico/Ritorno/005/Profili delle velocità/Vel_005_C1.txt,datasets/Santa_Maria_a_Vico/Ritorno/005/C/Scores_X_C1_005.txt,datasets/Santa_Maria_a_Vico/Ritorno/005/C/UnifiedScore_X_C1_005.txt,False,False,384685,384685,0,,,,
26723139-102f-4654-af20-6e5a13c7468d,Santa_Maria_a_Vico,Ritorno,005,B,Z,1,,datasets/Santa_Maria_a_Vico/Ritorno/005/B/Rettilineo_Z_B1_005.txt,datasets/Santa_Maria_a_Vico/Ritorno/005/Profili delle velocità/Vel_005_B1.txt,datasets/Santa_Maria_a_Vico/Ritorno/005/B/Scores_Z_B1_005.txt,datasets/Santa_Maria_a_Vico/Ritorno/005/B/UnifiedScore_Z_B1_005.txt,False,False,562524,562524,0,,,,
1222c7eb-f3d6-4e08-bd92-bff6c22e7f55,Santa_Maria_a_Vico,Ritorno,005,B,Y,1,,datasets/Santa_Maria_a_Vico/Ritorno/005/B/Rettilineo_Y_B1_005.txt,datasets/Santa_Maria_a_Vico/Ritorno/005/Profili delle velocità/Vel_005_B1.txt,datasets/Santa_Maria_a_Vico/Ritorno/005/B/Scores_Y_B1_005.txt,datasets/Santa_Maria_a_Vico/Ritorno/005/B/UnifiedScore_Y_B1_005.txt,False,False,562524,562524,0,,,,
b3ce5dbf-3ac6-43ad-b8f4-799e788d7167,Santa_Maria_a_Vico,Ritorno,005,B,X,1,,datasets/Santa_Maria_a_Vico/Ritorno/005/B/Rettilineo_X_B1_005.txt,datasets/Santa_Maria_a_Vico/Ritorno/005/Profili delle velocità/Vel_005_B1.txt,datasets/Santa_Maria_a_Vico/Ritorno/005/B/Scores_X_B1_005.txt,datasets/Santa_Maria_a_Vico/Ritorno/005/B/UnifiedScore_X_B1_005.txt,False,False,562524,562524,0,,,,
6bc9e20c-8aa3-4ad1-a46f-591e8cd7fab4,Santa_Maria_a_Vico,Andata,005,C,Y,1,,datasets/Santa_Maria_a_Vico/Andata/005/C/Rettilineo_Y_C1_005.txt,datasets/Santa_Maria_a_Vico/Andata/005/Profili delle velocità/Vel_005_C1.txt,datasets/Santa_Maria_a_Vico/Andata/005/C/Scores_Y_C1_005.txt,datasets/Santa_Maria_a_Vico/Andata/005/C/UnifiedScore_Y_C1_005.txt,False,False,405661,405661,0,,,,
cc2753a6-ef90-410c-abf9-1436a870a761,Santa_Maria_a_Vico,Andata,005,C,Z,1,,datasets/Santa_Maria_a_Vico/Andata/005/C/Rettilineo_Z_C1_005.txt,datasets/Santa_Maria_a_Vico/Andata/005/Profili delle velocità/Vel_005_C1.txt,datasets/Santa_Maria_a_Vico/Andata/005/C/Scores_Z_C1_005.txt,datasets/Santa_Maria_a_Vico/Andata/005/C/UnifiedScore_Z_C1_005.txt,False,False,405661,405661,0,,,,
b4433859-9513-4396-8ed5-4ffd92fad2e4,Santa_Maria_a_Vico,Andata,005,C,X,1,,datasets/Santa_Maria_a_Vico/Andata/005/C/Rettilineo_X_C1_005.txt,datasets/Santa_Maria_a_Vico/Andata/005/Profili delle velocità/Vel_005_C1.txt,datasets/Santa_Maria_a_Vico/Andata/005/C/Scores_X_C1_005.txt,datasets/Santa_Maria_a_Vico/Andata/005/C/UnifiedScore_X_C1_005.txt,False,False,405661,405661,0,,,,
a9fefd5d-9bec-422e-a812-6445d5dd706d,Santa_Maria_a_Vico,Andata,005,B,Z,1,,datasets/Santa_Maria_a_Vico/Andata/005/B/Rettilineo_Z_B1_005.txt,datasets/Santa_Maria_a_Vico/Andata/005/Profili delle velocità/Vel_005_B1.txt,datasets/Santa_Maria_a_Vico/Andata/005/B/Scores_Z_B1_005.txt,datasets/Santa_Maria_a_Vico/Andata/005/B/UnifiedScore_Z_B1_005.txt,False,False,578507,578507,0,,,,
f6feaec7-8d72-4ed7-be1f-a0a330a6208e,Santa_Maria_a_Vico,Andata,005,B,Y,1,,datasets/Santa_Maria_a_Vico/Andata/005/B/Rettilineo_Y_B1_005.txt,datasets/Santa_Maria_a_Vico/Andata/005/Profili delle velocità/Vel_005_B1.txt,datasets/Santa_Maria_a_Vico/Andata/005/B/Scores_Y_B1_005.txt,datasets/Santa_Maria_a_Vico/Andata/005/B/UnifiedScore_Y_B1_005.txt,False,False,578507,578507,0,,,,
aa14f782-5bb0-4303-900e-8fe3fff7a653,Santa_Maria_a_Vico,Andata,005,B,X,1,,datasets/Santa_Maria_a_Vico/Andata/005/B/Rettilineo_X_B1_005.txt,datasets/Santa_Maria_a_Vico/Andata/005/Profili delle velocità/Vel_005_B1.txt,datasets/Santa_Maria_a_Vico/Andata/005/B/Scores_X_B1_005.txt,datasets/Santa_Maria_a_Vico/Andata/005/B/UnifiedScore_X_B1_005.txt,False,False,578507,578507,0,,,,
2a6f3da5-03ea-46f3-a975-bedeaf9299b0,Estratto_Rettilineo_AR,Ritorno,005,A,X,2,,datasets/Estratto_Rettilineo_AR/Ritorno/005/A/Rettilineo_X_A2_005.txt,datasets/Estratto_Rettilineo_AR/Ritorno/005/Profili delle velocità/Vel_005_A2.txt,datasets/Estratto_Rettilineo_AR/Ritorno/005/A/Scores_X_A2_005.txt,datasets/Estratto_Rettilineo_AR/Ritorno/005/A/UnifiedScore_X_A2_005.txt,False,False,145457,145457,0,12,"[5, 6, 7, 8, 9, 10, 11, 12]","[16127, 33261, 50484, 67568, 84577, 101505, 118243, 134458]",True
9d6c1a13-1f00-4df4-b03f-fed619649030,Estratto_Rettilineo_AR,Ritorno,005,A,X,1,,datasets/Estratto_Rettilineo_AR/Ritorno/005/A/Rettilineo_X_A1_005.txt,datasets/Estratto_Rettilineo_AR/Ritorno/005/Profili delle velocità/Vel_005_A1.txt,datasets/Estratto_Rettilineo_AR/Ritorno/005/A/Scores_X_A1_005.txt,datasets/Estratto_Rettilineo_AR/Ritorno/005/A/UnifiedScore_X_A1_005.txt,False,False,145577,145577,0,12,"[5, 6, 7, 8, 9, 10, 11, 12]","[1466, 16234, 30781, 45682, 62490, 79697, 96465, 113625, 130672]",False
8ac8fe9b-8441-4de0-bc99-d38a59a7df19,Estratto_Rettilineo_AR,Ritorno,005,A,Y,1,,datasets/Estratto_Rettilineo_AR/Ritorno/005/A/Rettilineo_Y_A1_005.txt,datasets/Estratto_Rettilineo_AR/Ritorno/005/Profili delle velocità/Vel_005_A1.txt,datasets/Estratto_Rettilineo_AR/Ritorno/005/A/Scores_Y_A1_005.txt,datasets/Estratto_Rettilineo_AR/Ritorno/005/A/UnifiedScore_Y_A1_005.txt,False,False,145577,145577,0,12,"[5, 6, 7, 8, 9, 10, 11, 12]","[1466, 16234, 30781, 45682, 62490, 79697, 96465, 113625, 130672]",False
f8d3888d-5308-4cc5-9a20-d900f6fa46bd,Estratto_Rettilineo_AR,Ritorno,005,A,Y,2,,datasets/Estratto_Rettilineo_AR/Ritorno/005/A/Rettilineo_Y_A2_005.txt,datasets/Estratto_Rettilineo_AR/Ritorno/005/Profili delle velocità/Vel_005_A2.txt,datasets/Estratto_Rettilineo_AR/Ritorno/005/A/Scores_Y_A2_005.txt,datasets/Estratto_Rettilineo_AR/Ritorno/005/A/UnifiedScore_Y_A2_005.txt,False,False,145457,145457,0,12,"[5, 6, 7, 8, 9, 10, 11, 12]","[16127, 33261, 50484, 67568, 84577, 101505, 118243, 134458]",True
34978978-ae5d-48b3-b11f-359f9879f674,Estratto_Rettilineo_AR,Ritorno,005,A,Z,1,,datasets/Estratto_Rettilineo_AR/Ritorno/005/A/Rettilineo_Z_A1_005.txt,datasets/Estratto_Rettilineo_AR/Ritorno/005/Profili delle velocità/Vel_005_A1.txt,datasets/Estratto_Rettilineo_AR/Ritorno/005/A/Scores_Z_A1_005.txt,datasets/Estratto_Rettilineo_AR/Ritorno/005/A/UnifiedScore_Z_A1_005.txt,False,False,145577,145577,0,12,"[5, 6, 7, 8, 9, 10, 11, 12]","[1466, 16234, 30781, 45682, 62490, 79697, 96465, 113625, 130672]",False
022824aa-bd56-46c2-b51f-248876b1ac22,Estratto_Rettilineo_AR,Ritorno,005,A,Z,2,,datasets/Estratto_Rettilineo_AR/Ritorno/005/A/Rettilineo_Z_A2_005.txt,datasets/Estratto_Rettilineo_AR/Ritorno/005/Profili delle velocità/Vel_005_A2.txt,datasets/Estratto_Rettilineo_AR/Ritorno/005/A/Scores_Z_A2_005.txt,datasets/Estratto_Rettilineo_AR/Ritorno/005/A/UnifiedScore_Z_A2_005.txt,False,False,145457,145457,0,12,"[5, 6, 7, 8, 9, 10, 11, 12]","[16127, 33261, 50484, 67568, 84577, 101505, 118243, 134458]",True
6de51b18-b19c-40a7-b422-cb20b2c78352,Estratto_Rettilineo_AR,Ritorno,005,C,X,2,,datasets/Estratto_Rettilineo_AR/Ritorno/005/C/Rettilineo_X_C2_005.txt,datasets/Estratto_Rettilineo_AR/Ritorno/005/Profili delle velocità/Vel_005_C2.txt,datasets/Estratto_Rettilineo_AR/Ritorno/005/C/Scores_X_C2_005.txt,datasets/Estratto_Rettilineo_AR/Ritorno/005/C/UnifiedScore_X_C2_005.txt,False,False,48683,48683,0,12,"[5, 6, 7, 8, 9, 10, 11, 12]","[71, 5836, 11449, 17172, 22830, 28568, 34288, 40025, 45710]",False
d9b4f791-5ce4-49f1-acbe-f7c514fc976c,Estratto_Rettilineo_AR,Ritorno,005,C,Y,1,,datasets/Estratto_Rettilineo_AR/Ritorno/005/C/Rettilineo_Y_C1_005.txt,datasets/Estratto_Rettilineo_AR/Ritorno/005/Profili delle velocità/Vel_005_C1.txt,datasets/Estratto_Rettilineo_AR/Ritorno/005/C/Scores_Y_C1_005.txt,datasets/Estratto_Rettilineo_AR/Ritorno/005/C/UnifiedScore_Y_C1_005.txt,False,False,48802,48802,0,12,"[5, 6, 7, 8, 9, 10, 11, 12]","[1633, 7400, 13000, 18724, 24412, 30094, 35782, 41531, 47209]",False
7bda453d-644f-4c30-a794-44dea54af36c,Estratto_Rettilineo_AR,Ritorno,005,C,Z,2,,datasets/Estratto_Rettilineo_AR/Ritorno/005/C/Rettilineo_Z_C2_005.txt,datasets/Estratto_Rettilineo_AR/Ritorno/005/Profili delle velocità/Vel_005_C2.txt,datasets/Estratto_Rettilineo_AR/Ritorno/005/C/Scores_Z_C2_005.txt,datasets/Estratto_Rettilineo_AR/Ritorno/005/C/UnifiedScore_Z_C2_005.txt,False,False,48683,48683,0,12,"[5, 6, 7, 8, 9, 10, 11, 12]","[71, 5836, 11449, 17172, 22830, 28568, 34288, 40025, 45710]",False
db414136-c0b1-47df-8913-72b11072c24d,Estratto_Rettilineo_AR,Ritorno,005,C,Z,1,,datasets/Estratto_Rettilineo_AR/Ritorno/005/C/Rettilineo_Z_C1_005.txt,datasets/Estratto_Rettilineo_AR/Ritorno/005/Profili delle velocità/Vel_005_C1.txt,datasets/Estratto_Rettilineo_AR/Ritorno/005/C/Scores_Z_C1_005.txt,datasets/Estratto_Rettilineo_AR/Ritorno/005/C/UnifiedScore_Z_C1_005.txt,False,False,48802,48802,0,12,"[5, 6, 7, 8, 9, 10, 11, 12]","[1633, 7400, 13000, 18724, 24412, 30094, 35782, 41531, 47209]",False
956e4b24-e562-4178-8cdc-08f3b6dd5f25,Estratto_Rettilineo_AR,Ritorno,005,C,X,1,,datasets/Estratto_Rettilineo_AR/Ritorno/005/C/Rettilineo_X_C1_005.txt,datasets/Estratto_Rettilineo_AR/Ritorno/005/Profili delle velocità/Vel_005_C1.txt,datasets/Estratto_Rettilineo_AR/Ritorno/005/C/Scores_X_C1_005.txt,datasets/Estratto_Rettilineo_AR/Ritorno/005/C/UnifiedScore_X_C1_005.txt,False,False,48802,48802,0,12,"[5, 6, 7, 8, 9, 10, 11, 12]","[1633, 7400, 13000, 18724, 24412, 30094, 35782, 41531, 47209]",False
0d7710e2-912b-4cda-b690-98511e4fa1b0,Estratto_Rettilineo_AR,Ritorno,005,C,Y,2,,datasets/Estratto_Rettilineo_AR/Ritorno/005/C/Rettilineo_Y_C2_005.txt,datasets/Estratto_Rettilineo_AR/Ritorno/005/Profili delle velocità/Vel_005_C2.txt,datasets/Estratto_Rettilineo_AR/Ritorno/005/C/Scores_Y_C2_005.txt,datasets/Estratto_Rettilineo_AR/Ritorno/005/C/UnifiedScore_Y_C2_005.txt,False,False,48683,48683,0,12,"[5, 6, 7, 8, 9, 10, 11, 12]","[71, 5836, 11449, 17172, 22830, 28568, 34288, 40025, 45710]",False
244cf0b8-053e-4dea-823d-0820b8882ebc,Estratto_Rettilineo_AR,Ritorno,005,B,Z,1,,datasets/Estratto_Rettilineo_AR/Ritorno/005/B/Rettilineo_Z_B1_005.txt,datasets/Estratto_Rettilineo_AR/Ritorno/005/Profili delle velocità/Vel_005_B1.txt,datasets/Estratto_Rettilineo_AR/Ritorno/005/B/Scores_Z_B1_005.txt,datasets/Estratto_Rettilineo_AR/Ritorno/005/B/UnifiedScore_Z_B1_005.txt,False,False,72963,72963,0,12,"[5, 6, 7, 8, 9, 10, 11, 12]","[557, 9127, 17607, 26119, 34619, 43140, 51666, 60195, 68703]",False
5b2c2dcb-11d3-4213-8fe3-fb3812251973,Estratto_Rettilineo_AR,Ritorno,005,B,X,2,,datasets/Estratto_Rettilineo_AR/Ritorno/005/B/Rettilineo_X_B2_005.txt,datasets/Estratto_Rettilineo_AR/Ritorno/005/Profili delle velocità/Vel_005_B2.txt,datasets/Estratto_Rettilineo_AR/Ritorno/005/B/Scores_X_B2_005.txt,datasets/Estratto_Rettilineo_AR/Ritorno/005/B/UnifiedScore_X_B2_005.txt,False,False,73083,73083,0,12,"[5, 6, 7, 8, 9, 10, 11, 12]","[552, 9121, 17558, 26104, 34593, 43146, 51599, 60198, 68682]",False
20e52e89-01de-40d9-9ed6-16d8b7090b70,Estratto_Rettilineo_AR,Ritorno,005,B,Y,2,,datasets/Estratto_Rettilineo_AR/Ritorno/005/B/Rettilineo_Y_B2_005.txt,datasets/Estratto_Rettilineo_AR/Ritorno/005/Profili delle velocità/Vel_005_B2.txt,datasets/Estratto_Rettilineo_AR/Ritorno/005/B/Scores_Y_B2_005.txt,datasets/Estratto_Rettilineo_AR/Ritorno/005/B/UnifiedScore_Y_B2_005.txt,False,False,73083,73083,0,12,"[5, 6, 7, 8, 9, 10, 11, 12]","[552, 9121, 17558, 26104, 34593, 43146, 51599, 60198, 68682]",False
d42a958b-9c4e-4d92-8831-d858b100445f,Estratto_Rettilineo_AR,Ritorno,005,B,Y,1,,datasets/Estratto_Rettilineo_AR/Ritorno/005/B/Rettilineo_Y_B1_005.txt,datasets/Estratto_Rettilineo_AR/Ritorno/005/Profili delle velocità/Vel_005_B1.txt,datasets/Estratto_Rettilineo_AR/Ritorno/005/B/Scores_Y_B1_005.txt,datasets/Estratto_Rettilineo_AR/Ritorno/005/B/UnifiedScore_Y_B1_005.txt,False,False,72963,72963,0,12,"[5, 6, 7, 8, 9, 10, 11, 12]","[557, 9127, 17607, 26119, 34619, 43140, 51666, 60195, 68703]",False
8f7fdf3c-d499-4deb-8a75-11774044492b,Estratto_Rettilineo_AR,Ritorno,005,B,Z,2,,datasets/Estratto_Rettilineo_AR/Ritorno/005/B/Rettilineo_Z_B2_005.txt,datasets/Estratto_Rettilineo_AR/Ritorno/005/Profili delle velocità/Vel_005_B2.txt,datasets/Estratto_Rettilineo_AR/Ritorno/005/B/Scores_Z_B2_005.txt,datasets/Estratto_Rettilineo_AR/Ritorno/005/B/UnifiedScore_Z_B2_005.txt,False,False,73083,73083,0,12,"[5, 6, 7, 8, 9, 10, 11, 12]","[552, 9121, 17558, 26104, 34593, 43146, 51599, 60198, 68682]",False
aed87d65-33fd-4a6a-a4ac-057b9777a2fe,Estratto_Rettilineo_AR,Ritorno,005,B,X,1,,datasets/Estratto_Rettilineo_AR/Ritorno/005/B/Rettilineo_X_B1_005.txt,datasets/Estratto_Rettilineo_AR/Ritorno/005/Profili delle velocità/Vel_005_B1.txt,datasets/Estratto_Rettilineo_AR/Ritorno/005/B/Scores_X_B1_005.txt,datasets/Estratto_Rettilineo_AR/Ritorno/005/B/UnifiedScore_X_B1_005.txt,False,False,72963,72963,0,12,"[5, 6, 7, 8, 9, 10, 11, 12]","[557, 9127, 17607, 26119, 34619, 43140, 51666, 60195, 68703]",False
8aaec3fc-7db9-4aeb-9564-a8b3918c44dd,Estratto_Rettilineo_AR,Ritorno,007,A,Z,1,F,datasets/Estratto_Rettilineo_AR/Ritorno/007/A/Rettilineo_Z_FA1_007.txt,datasets/Estratto_Rettilineo_AR/Ritorno/007/Profili delle velocità/Vel_007_FA1.txt,datasets/Estratto_Rettilineo_AR/Ritorno/007/A/Scores_Z_FA1_007.txt,datasets/Estratto_Rettilineo_AR/Ritorno/007/A/UnifiedScore_Z_FA1_007.txt,False,False,143383,143383,0,5,"[5, 6, 7, 8, 9, 10, 11, 12]","[1331, 17978, 34821, 51829, 68831, 85711, 102537, 119329, 135681]",False
c2b4645d-0301-420e-ad60-02c9807d3454,Estratto_Rettilineo_AR,Ritorno,007,A,Y,1,,datasets/Estratto_Rettilineo_AR/Ritorno/007/A/Rettilineo_Y_A1_007.txt,datasets/Estratto_Rettilineo_AR/Ritorno/007/Profili delle velocità/Vel_007_A1.txt,datasets/Estratto_Rettilineo_AR/Ritorno/007/A/Scores_Y_A1_007.txt,datasets/Estratto_Rettilineo_AR/Ritorno/007/A/UnifiedScore_Y_A1_007.txt,False,False,140657,140657,0,5,"[5, 6, 7, 8, 9, 10, 11, 12]","[1135, 17966, 34771, 51633, 68456, 85319, 102219, 119131, 135858]",False
713a2f84-fbf5-40ad-9560-bdc665ccc755,Estratto_Rettilineo_AR,Ritorno,007,A,X,1,F,datasets/Estratto_Rettilineo_AR/Ritorno/007/A/Rettilineo_X_FA1_007.txt,datasets/Estratto_Rettilineo_AR/Ritorno/007/Profili delle velocità/Vel_007_FA1.txt,datasets/Estratto_Rettilineo_AR/Ritorno/007/A/Scores_X_FA1_007.txt,datasets/Estratto_Rettilineo_AR/Ritorno/007/A/UnifiedScore_X_FA1_007.txt,False,False,143383,143383,0,5,"[5, 6, 7, 8, 9, 10, 11, 12]","[1331, 17978, 34821, 51829, 68831, 85711, 102537, 119329, 135681]",False
826e6293-7726-4783-9ddc-d29a8e4a6e3f,Estratto_Rettilineo_AR,Ritorno,007,A,X,1,,datasets/Estratto_Rettilineo_AR/Ritorno/007/A/Rettilineo_X_A1_007.txt,datasets/Estratto_Rettilineo_AR/Ritorno/007/Profili delle velocità/Vel_007_A1.txt,datasets/Estratto_Rettilineo_AR/Ritorno/007/A/Scores_X_A1_007.txt,datasets/Estratto_Rettilineo_AR/Ritorno/007/A/UnifiedScore_X_A1_007.txt,False,False,140657,140657,0,5,"[5, 6, 7, 8, 9, 10, 11, 12]","[1135, 17966, 34771, 51633, 68456, 85319, 102219, 119131, 135858]",False
5b2b4492-80e9-4cbf-a632-65ba2fbf3110,Estratto_Rettilineo_AR,Ritorno,007,A,Y,1,F,datasets/Estratto_Rettilineo_AR/Ritorno/007/A/Rettilineo_Y_FA1_007.txt,datasets/Estratto_Rettilineo_AR/Ritorno/007/Profili delle velocità/Vel_007_FA1.txt,datasets/Estratto_Rettilineo_AR/Ritorno/007/A/Scores_Y_FA1_007.txt,datasets/Estratto_Rettilineo_AR/Ritorno/007/A/UnifiedScore_Y_FA1_007.txt,False,False,143383,143383,0,5,"[5, 6, 7, 8, 9, 10, 11, 12]","[1331, 17978, 34821, 51829, 68831, 85711, 102537, 119329, 135681]",False
ad0f4f82-5097-4328-8e64-7c559630fe98,Estratto_Rettilineo_AR,Ritorno,007,A,Z,1,,datasets/Estratto_Rettilineo_AR/Ritorno/007/A/Rettilineo_Z_A1_007.txt,datasets/Estratto_Rettilineo_AR/Ritorno/007/Profili delle velocità/Vel_007_A1.txt,datasets/Estratto_Rettilineo_AR/Ritorno/007/A/Scores_Z_A1_007.txt,datasets/Estratto_Rettilineo_AR/Ritorno/007/A/UnifiedScore_Z_A1_007.txt,False,False,140657,140657,0,5,"[5, 6, 7, 8, 9, 10, 11, 12]","[1135, 17966, 34771, 51633, 68456, 85319, 102219, 119131, 135858]",False
8bff8229-49d0-4a74-859a-83bb3fd51797,Estratto_Rettilineo_AR,Ritorno,007,C,Z,1,,datasets/Estratto_Rettilineo_AR/Ritorno/007/C/Rettilineo_Z_C1_007.txt,datasets/Estratto_Rettilineo_AR/Ritorno/007/Profili delle velocità/Vel_007_C1.txt,datasets/Estratto_Rettilineo_AR/Ritorno/007/C/Scores_Z_C1_007.txt,datasets/Estratto_Rettilineo_AR/Ritorno/007/C/UnifiedScore_Z_C1_007.txt,False,False,42358,42358,0,5,"[5, 6, 7, 8, 9, 10, 11, 12]","[1593, 7320, 12851, 18642, 24183, 30038, 35646, 41389, 47124]",False
f881ebb5-8593-4d02-956c-e4b85eb2e3b3,Estratto_Rettilineo_AR,Ritorno,007,C,X,1,,datasets/Estratto_Rettilineo_AR/Ritorno/007/C/Rettilineo_X_C1_007.txt,datasets/Estratto_Rettilineo_AR/Ritorno/007/Profili delle velocità/Vel_007_C1.txt,datasets/Estratto_Rettilineo_AR/Ritorno/007/C/Scores_X_C1_007.txt,datasets/Estratto_Rettilineo_AR/Ritorno/007/C/UnifiedScore_X_C1_007.txt,False,False,42358,42358,0,5,"[5, 6, 7, 8, 9, 10, 11, 12]","[1593, 7320, 12851, 18642, 24183, 30038, 35646, 41389, 47124]",False
e85dd34c-8656-4b3e-8fc5-b47969ab32f6,Estratto_Rettilineo_AR,Ritorno,007,C,Y,1,,datasets/Estratto_Rettilineo_AR/Ritorno/007/C/Rettilineo_Y_C1_007.txt,datasets/Estratto_Rettilineo_AR/Ritorno/007/Profili delle velocità/Vel_007_C1.txt,datasets/Estratto_Rettilineo_AR/Ritorno/007/C/Scores_Y_C1_007.txt,datasets/Estratto_Rettilineo_AR/Ritorno/007/C/UnifiedScore_Y_C1_007.txt,False,False,42358,42358,0,5,"[5, 6, 7, 8, 9, 10, 11, 12]","[1593, 7320, 12851, 18642, 24183, 30038, 35646, 41389, 47124]",False
9f18867f-9bd9-4647-b42c-fd2eb607e03b,Estratto_Rettilineo_AR,Ritorno,007,B,X,1,,datasets/Estratto_Rettilineo_AR/Ritorno/007/B/Rettilineo_X_B1_007.txt,datasets/Estratto_Rettilineo_AR/Ritorno/007/Profili delle velocità/Vel_007_B1.txt,datasets/Estratto_Rettilineo_AR/Ritorno/007/B/Scores_X_B1_007.txt,datasets/Estratto_Rettilineo_AR/Ritorno/007/B/UnifiedScore_X_B1_007.txt,False,False,72843,72843,0,5,"[5, 6, 7, 8, 9, 10, 11, 12]","[792, 9300, 17781, 26343, 34808, 43359, 51850, 60378, 68880]",False
54fc0a69-3f3c-4a46-8f03-981a7fca23ca,Estratto_Rettilineo_AR,Ritorno,007,B,X,1,F,datasets/Estratto_Rettilineo_AR/Ritorno/007/B/Rettilineo_X_FB1_007.txt,datasets/Estratto_Rettilineo_AR/Ritorno/007/Profili delle velocità/Vel_007_FB1.txt,datasets/Estratto_Rettilineo_AR/Ritorno/007/B/Scores_X_FB1_007.txt,datasets/Estratto_Rettilineo_AR/Ritorno/007/B/UnifiedScore_X_FB1_007.txt,False,False,72843,72843,0,5,"[5, 6, 7, 8, 9, 10, 11, 12]","[579, 9070, 17494, 26022, 34463, 42984, 51454, 59957, 68446]",False
9e93fcfa-ebce-423a-be58-effc131c047d,Estratto_Rettilineo_AR,Ritorno,007,B,Y,1,,datasets/Estratto_Rettilineo_AR/Ritorno/007/B/Rettilineo_Y_B1_007.txt,datasets/Estratto_Rettilineo_AR/Ritorno/007/Profili delle velocità/Vel_007_B1.txt,datasets/Estratto_Rettilineo_AR/Ritorno/007/B/Scores_Y_B1_007.txt,datasets/Estratto_Rettilineo_AR/Ritorno/007/B/UnifiedScore_Y_B1_007.txt,False,False,72843,72843,0,5,"[5, 6, 7, 8, 9, 10, 11, 12]","[792, 9300, 17781, 26343, 34808, 43359, 51850, 60378, 68880]",False
31f71db7-229b-44f4-af6c-657a2ed5ff3d,Estratto_Rettilineo_AR,Ritorno,007,B,Y,1,F,datasets/Estratto_Rettilineo_AR/Ritorno/007/B/Rettilineo_Y_FB1_007.txt,datasets/Estratto_Rettilineo_AR/Ritorno/007/Profili delle velocità/Vel_007_FB1.txt,datasets/Estratto_Rettilineo_AR/Ritorno/007/B/Scores_Y_FB1_007.txt,datasets/Estratto_Rettilineo_AR/Ritorno/007/B/UnifiedScore_Y_FB1_007.txt,False,False,72843,72843,0,5,"[5, 6, 7, 8, 9, 10, 11, 12]","[579, 9070, 17494, 26022, 34463, 42984, 51454, 59957, 68446]",False
76e7b2b2-b1d1-41fd-8a11-0b8f5cc4f56d,Estratto_Rettilineo_AR,Ritorno,007,B,Z,1,,datasets/Estratto_Rettilineo_AR/Ritorno/007/B/Rettilineo_Z_B1_007.txt,datasets/Estratto_Rettilineo_AR/Ritorno/007/Profili delle velocità/Vel_007_B1.txt,datasets/Estratto_Rettilineo_AR/Ritorno/007/B/Scores_Z_B1_007.txt,datasets/Estratto_Rettilineo_AR/Ritorno/007/B/UnifiedScore_Z_B1_007.txt,False,False,72843,72843,0,5,"[5, 6, 7, 8, 9, 10, 11, 12]","[792, 9300, 17781, 26343, 34808, 43359, 51850, 60378, 68880]",False
a517c8cd-59d2-465c-b74c-14edd57c9855,Estratto_Rettilineo_AR,Ritorno,007,B,Z,1,F,datasets/Estratto_Rettilineo_AR/Ritorno/007/B/Rettilineo_Z_FB1_007.txt,datasets/Estratto_Rettilineo_AR/Ritorno/007/Profili delle velocità/Vel_007_FB1.txt,datasets/Estratto_Rettilineo_AR/Ritorno/007/B/Scores_Z_FB1_007.txt,datasets/Estratto_Rettilineo_AR/Ritorno/007/B/UnifiedScore_Z_FB1_007.txt,False,False,72843,72843,0,5,"[5, 6, 7, 8, 9, 10, 11, 12]","[579, 9070, 17494, 26022, 34463, 42984, 51454, 59957, 68446]",False
74943692-118e-4a72-9717-31c550e33a5d,Estratto_Rettilineo_AR,Andata,005,A,X,2,,datasets/Estratto_Rettilineo_AR/Andata/005/A/Rettilineo_X_A2_005.txt,datasets/Estratto_Rettilineo_AR/Andata/005/Profili delle velocità/Vel_005_A2.txt,datasets/Estratto_Rettilineo_AR/Andata/005/A/Scores_X_A2_005.txt,datasets/Estratto_Rettilineo_AR/Andata/005/A/UnifiedScore_X_A2_005.txt,False,False,150857,150857,0,12,"[5, 6, 7, 8, 9, 10, 11, 12]","[15217, 32697, 50208, 67956, 85588, 103145, 120809, 138461]",True
47255b1d-ac16-4b06-9650-63f4920ce1cd,Estratto_Rettilineo_AR,Andata,005,A,Y,2,,datasets/Estratto_Rettilineo_AR/Andata/005/A/Rettilineo_Y_A2_005.txt,datasets/Estratto_Rettilineo_AR/Andata/005/Profili delle velocità/Vel_005_A2.txt,datasets/Estratto_Rettilineo_AR/Andata/005/A/Scores_Y_A2_005.txt,datasets/Estratto_Rettilineo_AR/Andata/005/A/UnifiedScore_Y_A2_005.txt,False,False,150857,150857,0,12,"[5, 6, 7, 8, 9, 10, 11, 12]","[15217, 32697, 50208, 67956, 85588, 103145, 120809, 138461]",True
69c879fa-13ee-447f-83f7-a987a3a8bb2c,Estratto_Rettilineo_AR,Andata,005,A,Z,2,,datasets/Estratto_Rettilineo_AR/Andata/005/A/Rettilineo_Z_A2_005.txt,datasets/Estratto_Rettilineo_AR/Andata/005/Profili delle velocità/Vel_005_A2.txt,datasets/Estratto_Rettilineo_AR/Andata/005/A/Scores_Z_A2_005.txt,datasets/Estratto_Rettilineo_AR/Andata/005/A/UnifiedScore_Z_A2_005.txt,False,False,150857,150857,0,12,"[5, 6, 7, 8, 9, 10, 11, 12]","[15217, 32697, 50208, 67956, 85588, 103145, 120809, 138461]",True
45af7d52-d17e-4ef1-83bb-402f5763caeb,Estratto_Rettilineo_AR,Andata,005,C,X,2,,datasets/Estratto_Rettilineo_AR/Andata/005/C/Rettilineo_X_C2_005.txt,datasets/Estratto_Rettilineo_AR/Andata/005/Profili delle velocità/Vel_005_C2.txt,datasets/Estratto_Rettilineo_AR/Andata/005/C/Scores_X_C2_005.txt,datasets/Estratto_Rettilineo_AR/Andata/005/C/UnifiedScore_X_C2_005.txt,False,False,49521,49521,0,12,"[5, 6, 7, 8, 9, 10, 11, 12]","[5752, 11488, 17271, 23063, 28856, 34619, 40424, 46184]",True
c94ca456-4292-4ad6-8828-735ae529c2bb,Estratto_Rettilineo_AR,Andata,005,C,Y,1,,datasets/Estratto_Rettilineo_AR/Andata/005/C/Rettilineo_Y_C1_005.txt,datasets/Estratto_Rettilineo_AR/Andata/005/Profili delle velocità/Vel_005_C1.txt,datasets/Estratto_Rettilineo_AR/Andata/005/C/Scores_Y_C1_005.txt,datasets/Estratto_Rettilineo_AR/Andata/005/C/UnifiedScore_Y_C1_005.txt,False,False,49523,49523,0,12,"[5, 6, 7, 8, 9, 10, 11, 12]","[5670, 11396, 17200, 22987, 28775, 34530, 40347, 46105]",True
fe836212-57fd-4f82-aa0b-e67785c197b0,Estratto_Rettilineo_AR,Andata,005,C,Z,2,,datasets/Estratto_Rettilineo_AR/Andata/005/C/Rettilineo_Z_C2_005.txt,datasets/Estratto_Rettilineo_AR/Andata/005/Profili delle velocità/Vel_005_C2.txt,datasets/Estratto_Rettilineo_AR/Andata/005/C/Scores_Z_C2_005.txt,datasets/Estratto_Rettilineo_AR/Andata/005/C/UnifiedScore_Z_C2_005.txt,False,False,49521,49521,0,12,"[5, 6, 7, 8, 9, 10, 11, 12]","[5752, 11488, 17271, 23063, 28856, 34619, 40424, 46184]",True
7a217ac7-e95b-4b97-88dc-d485809b9dc6,Estratto_Rettilineo_AR,Andata,005,C,Z,1,,datasets/Estratto_Rettilineo_AR/Andata/005/C/Rettilineo_Z_C1_005.txt,datasets/Estratto_Rettilineo_AR/Andata/005/Profili delle velocità/Vel_005_C1.txt,datasets/Estratto_Rettilineo_AR/Andata/005/C/Scores_Z_C1_005.txt,datasets/Estratto_Rettilineo_AR/Andata/005/C/UnifiedScore_Z_C1_005.txt,False,False,49523,49523,0,12,"[5, 6, 7, 8, 9, 10, 11, 12]","[5670, 11396, 17200, 22987, 28775, 34530, 40347, 46105]",True
33b90a5b-5e7e-4995-b50f-2b66a700d709,Estratto_Rettilineo_AR,Andata,005,C,X,1,,datasets/Estratto_Rettilineo_AR/Andata/005/C/Rettilineo_X_C1_005.txt,datasets/Estratto_Rettilineo_AR/Andata/005/Profili delle velocità/Vel_005_C1.txt,datasets/Estratto_Rettilineo_AR/Andata/005/C/Scores_X_C1_005.txt,datasets/Estratto_Rettilineo_AR/Andata/005/C/UnifiedScore_X_C1_005.txt,False,False,49523,49523,0,12,"[5, 6, 7, 8, 9, 10, 11, 12]","[5670, 11396, 17200, 22987, 28775, 34530, 40347, 46105]",True
390dbb50-1641-4d32-8ea8-6da1a3866edb,Estratto_Rettilineo_AR,Andata,005,C,Y,2,,datasets/Estratto_Rettilineo_AR/Andata/005/C/Rettilineo_Y_C2_005.txt,datasets/Estratto_Rettilineo_AR/Andata/005/Profili delle velocità/Vel_005_C2.txt,datasets/Estratto_Rettilineo_AR/Andata/005/C/Scores_Y_C2_005.txt,datasets/Estratto_Rettilineo_AR/Andata/005/C/UnifiedScore_Y_C2_005.txt,False,False,49521,49521,0,12,"[5, 6, 7, 8, 9, 10, 11, 12]","[5752, 11488, 17271, 23063, 28856, 34619, 40424, 46184]",True
162460e6-33b6-450c-ac14-bcd337618dbf,Estratto_Rettilineo_AR,Andata,005,B,X,2,,datasets/Estratto_Rettilineo_AR/Andata/005/B/Rettilineo_X_B2_005.txt,datasets/Estratto_Rettilineo_AR/Andata/005/Profili delle velocità/Vel_005_B2.txt,datasets/Estratto_Rettilineo_AR/Andata/005/B/Scores_X_B2_005.txt,datasets/Estratto_Rettilineo_AR/Andata/005/B/UnifiedScore_X_B2_005.txt,False,False,75603,74763,840,12,"[5, 6, 7, 8, 9, 10, 11, 12]","[458, 9273, 18002, 26771, 35530, 44271, 53054, 61824, 70572]",False
20e3e535-8eb1-4c98-8049-d63c8b20e074,Estratto_Rettilineo_AR,Andata,005,B,Y,2,,datasets/Estratto_Rettilineo_AR/Andata/005/B/Rettilineo_Y_B2_005.txt,datasets/Estratto_Rettilineo_AR/Andata/005/Profili delle velocità/Vel_005_B2.txt,datasets/Estratto_Rettilineo_AR/Andata/005/B/Scores_Y_B2_005.txt,datasets/Estratto_Rettilineo_AR/Andata/005/B/UnifiedScore_Y_B2_005.txt,False,False,75603,74763,840,12,"[5, 6, 7, 8, 9, 10, 11, 12]","[458, 9273, 18002, 26771, 35530, 44271, 53054, 61824, 70572]",False
944da6a3-9dfe-4d55-8791-b066d07f1c49,Estratto_Rettilineo_AR,Andata,005,B,Z,2,,datasets/Estratto_Rettilineo_AR/Andata/005/B/Rettilineo_Z_B2_005.txt,datasets/Estratto_Rettilineo_AR/Andata/005/Profili delle velocità/Vel_005_B2.txt,datasets/Estratto_Rettilineo_AR/Andata/005/B/Scores_Z_B2_005.txt,datasets/Estratto_Rettilineo_AR/Andata/005/B/UnifiedScore_Z_B2_005.txt,False,False,75603,74763,840,12,"[5, 6, 7, 8, 9, 10, 11, 12]","[458, 9273, 18002, 26771, 35530, 44271, 53054, 61824, 70572]",False
24f94b3a-fecf-48e4-8f19-2e5e86b9996e,Estratto_Rettilineo_AR,Andata,007,A,Z,1,F,datasets/Estratto_Rettilineo_AR/Andata/007/A/Rettilineo_Z_FA1_007.txt,datasets/Estratto_Rettilineo_AR/Andata/007/Profili delle velocità/Vel_007_FA1.txt,datasets/Estratto_Rettilineo_AR/Andata/007/A/Scores_Z_FA1_007.txt,datasets/Estratto_Rettilineo_AR/Andata/007/A/UnifiedScore_Z_FA1_007.txt,False,False,150977,150977,0,5,"[5, 6, 7, 8, 9, 10, 11, 12]","[1333, 19113, 36795, 54417, 72084, 90142, 107393, 124982, 142535]",False
fa4e13f9-c9f6-4dd3-acfc-01fc51323b2b,Estratto_Rettilineo_AR,Andata,007,A,Y,1,,datasets/Estratto_Rettilineo_AR/Andata/007/A/Rettilineo_Y_A1_007.txt,datasets/Estratto_Rettilineo_AR/Andata/007/Profili delle velocità/Vel_007_A1.txt,datasets/Estratto_Rettilineo_AR/Andata/007/A/Scores_Y_A1_007.txt,datasets/Estratto_Rettilineo_AR/Andata/007/A/UnifiedScore_Y_A1_007.txt,False,False,149897,149897,0,5,"[5, 6, 7, 8, 9, 10, 11, 12]","[1309, 18956, 36442, 53887, 71438, 88889, 106453, 123935, 141358]",False
670e6ce4-3e34-4c95-b9fb-f0295ab9aa67,Estratto_Rettilineo_AR,Andata,007,A,X,1,F,datasets/Estratto_Rettilineo_AR/Andata/007/A/Rettilineo_X_FA1_007.txt,datasets/Estratto_Rettilineo_AR/Andata/007/Profili delle velocità/Vel_007_FA1.txt,datasets/Estratto_Rettilineo_AR/Andata/007/A/Scores_X_FA1_007.txt,datasets/Estratto_Rettilineo_AR/Andata/007/A/UnifiedScore_X_FA1_007.txt,False,False,150977,150977,0,5,"[5, 6, 7, 8, 9, 10, 11, 12]","[1333, 19113, 36795, 54417, 72084, 90142, 107393, 124982, 142535]",False
32e7923f-b7fa-4dec-aecb-9349d50713b5,Estratto_Rettilineo_AR,Andata,007,A,X,1,FF,datasets/Estratto_Rettilineo_AR/Andata/007/A/Rettilineo_X_FFA1_007.txt,datasets/Estratto_Rettilineo_AR/Andata/007/Profili delle velocità/Vel_007_FFA1.txt,datasets/Estratto_Rettilineo_AR/Andata/007/A/Scores_X_FFA1_007.txt,datasets/Estratto_Rettilineo_AR/Andata/007/A/UnifiedScore_X_FFA1_007.txt,False,False,148457,148457,0,5,"[5, 6, 7, 8, 9, 10, 11, 12]","[1329, 18815, 36170, 53454, 70881, 88209, 105605, 122897, 140063]",False
a7f2ecf8-0f15-44ae-bdda-3fa4faeebe8f,Estratto_Rettilineo_AR,Andata,007,A,X,1,,datasets/Estratto_Rettilineo_AR/Andata/007/A/Rettilineo_X_A1_007.txt,datasets/Estratto_Rettilineo_AR/Andata/007/Profili delle velocità/Vel_007_A1.txt,datasets/Estratto_Rettilineo_AR/Andata/007/A/Scores_X_A1_007.txt,datasets/Estratto_Rettilineo_AR/Andata/007/A/UnifiedScore_X_A1_007.txt,False,False,149897,149897,0,5,"[5, 6, 7, 8, 9, 10, 11, 12]","[1309, 18956, 36442, 53887, 71438, 88889, 106453, 123935, 141358]",False
0863f55f-90f1-43e0-b5d3-cd5c9fa4a639,Estratto_Rettilineo_AR,Andata,007,A,Y,1,F,datasets/Estratto_Rettilineo_AR/Andata/007/A/Rettilineo_Y_FA1_007.txt,datasets/Estratto_Rettilineo_AR/Andata/007/Profili delle velocità/Vel_007_FA1.txt,datasets/Estratto_Rettilineo_AR/Andata/007/A/Scores_Y_FA1_007.txt,datasets/Estratto_Rettilineo_AR/Andata/007/A/UnifiedScore_Y_FA1_007.txt,False,False,150977,150977,0,5,"[5, 6, 7, 8, 9, 10, 11, 12]","[1333, 19113, 36795, 54417, 72084, 90142, 107393, 124982, 142535]",False
20b5f322-af43-4b7a-9155-4d47bf5bac09,Estratto_Rettilineo_AR,Andata,007,A,Z,1,,datasets/Estratto_Rettilineo_AR/Andata/007/A/Rettilineo_Z_A1_007.txt,datasets/Estratto_Rettilineo_AR/Andata/007/Profili delle velocità/Vel_007_A1.txt,datasets/Estratto_Rettilineo_AR/Andata/007/A/Scores_Z_A1_007.txt,datasets/Estratto_Rettilineo_AR/Andata/007/A/UnifiedScore_Z_A1_007.txt,False,False,149897,149897,0,5,"[5, 6, 7, 8, 9, 10, 11, 12]","[1309, 18956, 36442, 53887, 71438, 88889, 106453, 123935, 141358]",False
7b2224d4-1ad0-4bf4-bd55-36c5c0c29e32,Estratto_Rettilineo_AR,Andata,007,A,Y,1,FF,datasets/Estratto_Rettilineo_AR/Andata/007/A/Rettilineo_Y_FFA1_007.txt,datasets/Estratto_Rettilineo_AR/Andata/007/Profili delle velocità/Vel_007_FFA1.txt,datasets/Estratto_Rettilineo_AR/Andata/007/A/Scores_Y_FFA1_007.txt,datasets/Estratto_Rettilineo_AR/Andata/007/A/UnifiedScore_Y_FFA1_007.txt,False,False,148457,148457,0,5,"[5, 6, 7, 8, 9, 10, 11, 12]","[1329, 18815, 36170, 53454, 70881, 88209, 105605, 122897, 140063]",False
5e8e7e6b-d9d8-420b-9134-9284e6ed362a,Estratto_Rettilineo_AR,Andata,007,A,Z,1,FF,datasets/Estratto_Rettilineo_AR/Andata/007/A/Rettilineo_Z_FFA1_007.txt,datasets/Estratto_Rettilineo_AR/Andata/007/Profili delle velocità/Vel_007_FFA1.txt,datasets/Estratto_Rettilineo_AR/Andata/007/A/Scores_Z_FFA1_007.txt,datasets/Estratto_Rettilineo_AR/Andata/007/A/UnifiedScore_Z_FFA1_007.txt,False,False,148457,148457,0,5,"[5, 6, 7, 8, 9, 10, 11, 12]","[1329, 18815, 36170, 53454, 70881, 88209, 105605, 122897, 140063]",False
3cabc609-9b78-44ea-aa8f-2b1704015fa7,Estratto_Rettilineo_AR,Andata,007,C,Z,1,,datasets/Estratto_Rettilineo_AR/Andata/007/C/Rettilineo_Z_C1_007.txt,datasets/Estratto_Rettilineo_AR/Andata/007/Profili delle velocità/Vel_007_C1.txt,datasets/Estratto_Rettilineo_AR/Andata/007/C/Scores_Z_C1_007.txt,datasets/Estratto_Rettilineo_AR/Andata/007/C/UnifiedScore_Z_C1_007.txt,False,False,49641,49761,-120,5,"[5, 6, 7, 8, 9, 10, 11, 12]","[481, 6334, 12102, 17899, 23686, 29478, 35269, 41047, 46832]",False
22d180c4-2a64-4115-9350-f1ebe5d84f87,Estratto_Rettilineo_AR,Andata,007,C,Y,2,,datasets/Estratto_Rettilineo_AR/Andata/007/C/Rettilineo_Y_C2_007.txt,datasets/Estratto_Rettilineo_AR/Andata/007/Profili delle velocità/Vel_007_C2.txt,datasets/Estratto_Rettilineo_AR/Andata/007/C/Scores_Y_C2_007.txt,datasets/Estratto_Rettilineo_AR/Andata/007/C/UnifiedScore_Y_C2_007.txt,False,False,49521,49521,0,5,"[5, 6, 7, 8, 9, 10, 11, 12]","[469, 6279, 12045, 17830, 23588, 29386, 35151, 40935, 46701]",False
9c8e26b0-b906-4f16-be86-2b7acd3bca87,Estratto_Rettilineo_AR,Andata,007,C,Y,1,F,datasets/Estratto_Rettilineo_AR/Andata/007/C/Rettilineo_Y_FC1_007.txt,datasets/Estratto_Rettilineo_AR/Andata/007/Profili delle velocità/Vel_007_FC1.txt,datasets/Estratto_Rettilineo_AR/Andata/007/C/Scores_Y_FC1_007.txt,datasets/Estratto_Rettilineo_AR/Andata/007/C/UnifiedScore_Y_FC1_007.txt,False,False,50242,50242,0,5,"[5, 6, 7, 8, 9, 10, 11, 12]","[473, 6470, 12401, 18331, 24221, 30083, 35874, 41693, 47448]",False
fd4af804-2b68-43ec-b2d8-aa6ae49dffef,Estratto_Rettilineo_AR,Andata,007,C,Z,1,F,datasets/Estratto_Rettilineo_AR/Andata/007/C/Rettilineo_Z_FC1_007.txt,datasets/Estratto_Rettilineo_AR/Andata/007/Profili delle velocità/Vel_007_FC1.txt,datasets/Estratto_Rettilineo_AR/Andata/007/C/Scores_Z_FC1_007.txt,datasets/Estratto_Rettilineo_AR/Andata/007/C/UnifiedScore_Z_FC1_007.txt,False,False,50242,50242,0,5,"[5, 6, 7, 8, 9, 10, 11, 12]","[473, 6470, 12401, 18331, 24221, 30083, 35874, 41693, 47448]",False
d1435a41-13d2-4517-ade2-16908b416693,Estratto_Rettilineo_AR,Andata,007,C,Y,1,FF,datasets/Estratto_Rettilineo_AR/Andata/007/C/Rettilineo_Y_FFC1_007.txt,datasets/Estratto_Rettilineo_AR/Andata/007/Profili delle velocità/Vel_007_FFC1.txt,datasets/Estratto_Rettilineo_AR/Andata/007/C/Scores_Y_FFC1_007.txt,datasets/Estratto_Rettilineo_AR/Andata/007/C/UnifiedScore_Y_FFC1_007.txt,False,False,50241,50241,0,5,"[5, 6, 7, 8, 9, 10, 11, 12]","[399, 6339, 12223, 18124, 24006, 29885, 35730, 41593, 47422]",False
560fb75f-1341-45a6-b3f5-5ccf6f2189c1,Estratto_Rettilineo_AR,Andata,007,C,X,2,,datasets/Estratto_Rettilineo_AR/Andata/007/C/Rettilineo_X_C2_007.txt,datasets/Estratto_Rettilineo_AR/Andata/007/Profili delle velocità/Vel_007_C2.txt,datasets/Estratto_Rettilineo_AR/Andata/007/C/Scores_X_C2_007.txt,datasets/Estratto_Rettilineo_AR/Andata/007/C/UnifiedScore_X_C2_007.txt,False,False,49521,49521,0,5,"[5, 6, 7, 8, 9, 10, 11, 12]","[469, 6279, 12045, 17830, 23588, 29386, 35151, 40935, 46701]",False
f31d127f-8080-44b6-9897-1aecb79b300c,Estratto_Rettilineo_AR,Andata,007,C,X,1,FF,datasets/Estratto_Rettilineo_AR/Andata/007/C/Rettilineo_X_FFC1_007.txt,datasets/Estratto_Rettilineo_AR/Andata/007/Profili delle velocità/Vel_007_FFC1.txt,datasets/Estratto_Rettilineo_AR/Andata/007/C/Scores_X_FFC1_007.txt,datasets/Estratto_Rettilineo_AR/Andata/007/C/UnifiedScore_X_FFC1_007.txt,False,False,50241,50241,0,5,"[5, 6, 7, 8, 9, 10, 11, 12]","[399, 6339, 12223, 18124, 24006, 29885, 35730, 41593, 47422]",False
f048e8cb-e13a-4dff-aa63-1de785f94976,Estratto_Rettilineo_AR,Andata,007,C,X,1,,datasets/Estratto_Rettilineo_AR/Andata/007/C/Rettilineo_X_C1_007.txt,datasets/Estratto_Rettilineo_AR/Andata/007/Profili delle velocità/Vel_007_C1.txt,datasets/Estratto_Rettilineo_AR/Andata/007/C/Scores_X_C1_007.txt,datasets/Estratto_Rettilineo_AR/Andata/007/C/UnifiedScore_X_C1_007.txt,False,False,49761,49761,0,5,"[5, 6, 7, 8, 9, 10, 11, 12]","[481, 6334, 12102, 17899, 23686, 29478, 35269, 41047, 46832]",False
54e4b809-c58a-4b14-9c5d-6dec146e1537,Estratto_Rettilineo_AR,Andata,007,C,Y,1,,datasets/Estratto_Rettilineo_AR/Andata/007/C/Rettilineo_Y_C1_007.txt,datasets/Estratto_Rettilineo_AR/Andata/007/Profili delle velocità/Vel_007_C1.txt,datasets/Estratto_Rettilineo_AR/Andata/007/C/Scores_Y_C1_007.txt,datasets/Estratto_Rettilineo_AR/Andata/007/C/UnifiedScore_Y_C1_007.txt,False,False,49761,49761,0,5,"[5, 6, 7, 8, 9, 10, 11, 12]","[481, 6334, 12102, 17899, 23686, 29478, 35269, 41047, 46832]",False
b12e826d-1a40-4910-9698-cdb244bbca0b,Estratto_Rettilineo_AR,Andata,007,C,Z,2,,datasets/Estratto_Rettilineo_AR/Andata/007/C/Rettilineo_Z_C2_007.txt,datasets/Estratto_Rettilineo_AR/Andata/007/Profili delle velocità/Vel_007_C2.txt,datasets/Estratto_Rettilineo_AR/Andata/007/C/Scores_Z_C2_007.txt,datasets/Estratto_Rettilineo_AR/Andata/007/C/UnifiedScore_Z_C2_007.txt,False,False,49521,49521,0,5,"[5, 6, 7, 8, 9, 10, 11, 12]","[469, 6279, 12045, 17830, 23588, 29386, 35151, 40935, 46701]",False
05cdda1e-e78b-43a3-8126-fdafdf35fe21,Estratto_Rettilineo_AR,Andata,007,C,Z,1,FF,datasets/Estratto_Rettilineo_AR/Andata/007/C/Rettilineo_Z_FFC1_007.txt,datasets/Estratto_Rettilineo_AR/Andata/007/Profili delle velocità/Vel_007_FFC1.txt,datasets/Estratto_Rettilineo_AR/Andata/007/C/Scores_Z_FFC1_007.txt,datasets/Estratto_Rettilineo_AR/Andata/007/C/UnifiedScore_Z_FFC1_007.txt,False,False,50241,50241,0,5,"[5, 6, 7, 8, 9, 10, 11, 12]","[399, 6339, 12223, 18124, 24006, 29885, 35730, 41593, 47422]",False
cc301ddc-8b12-4346-9957-88b3ef22fcdf,Estratto_Rettilineo_AR,Andata,007,C,X,1,F,datasets/Estratto_Rettilineo_AR/Andata/007/C/Rettilineo_X_FC1_007.txt,datasets/Estratto_Rettilineo_AR/Andata/007/Profili delle velocità/Vel_007_FC1.txt,datasets/Estratto_Rettilineo_AR/Andata/007/C/Scores_X_FC1_007.txt,datasets/Estratto_Rettilineo_AR/Andata/007/C/UnifiedScore_X_FC1_007.txt,False,False,50242,50242,0,5,"[5, 6, 7, 8, 9, 10, 11, 12]","[473, 6470, 12401, 18331, 24221, 30083, 35874, 41693, 47448]",False
74b06dd4-f681-4918-a36b-bb28c2254649,Estratto_Rettilineo_AR,Andata,007,B,X,1,,datasets/Estratto_Rettilineo_AR/Andata/007/B/Rettilineo_X_B1_007.txt,datasets/Estratto_Rettilineo_AR/Andata/007/Profili delle velocità/Vel_007_B1.txt,datasets/Estratto_Rettilineo_AR/Andata/007/B/Scores_X_B1_007.txt,datasets/Estratto_Rettilineo_AR/Andata/007/B/UnifiedScore_X_B1_007.txt,False,False,74284,74284,0,5,"[5, 6, 7, 8, 9, 10, 11, 12]","[763, 9500, 18135, 26833, 35506, 44188, 52828, 61532, 70207]",False
1619f3d9-0ce6-4445-bd8a-723fa1321818,Estratto_Rettilineo_AR,Andata,007,B,X,1,F,datasets/Estratto_Rettilineo_AR/Andata/007/B/Rettilineo_X_FB1_007.txt,datasets/Estratto_Rettilineo_AR/Andata/007/Profili delle velocità/Vel_007_FB1.txt,datasets/Estratto_Rettilineo_AR/Andata/007/B/Scores_X_FB1_007.txt,datasets/Estratto_Rettilineo_AR/Andata/007/B/UnifiedScore_X_FB1_007.txt,False,False,74164,74164,0,5,"[5, 6, 7, 8, 9, 10, 11, 12]","[690, 9392, 18009, 26649, 35317, 43977, 52586, 61250, 69868]",False
f7ed290c-f1aa-4d3c-bc68-1fa8dc711d95,Estratto_Rettilineo_AR,Andata,007,B,X,2,,datasets/Estratto_Rettilineo_AR/Andata/007/B/Rettilineo_X_B2_007.txt,datasets/Estratto_Rettilineo_AR/Andata/007/Profili delle velocità/Vel_007_B2.txt,datasets/Estratto_Rettilineo_AR/Andata/007/B/Scores_X_B2_007.txt,datasets/Estratto_Rettilineo_AR/Andata/007/B/UnifiedScore_X_B2_007.txt,False,False,74404,74404,0,5,"[5, 6, 7, 8, 9, 10, 11, 12]","[690, 9499, 18097, 26807, 35505, 44170, 52872, 61589, 70281]",False
c7fc70bf-6aa6-4737-8b2c-80f7a62654fc,Estratto_Rettilineo_AR,Andata,007,B,Y,1,,datasets/Estratto_Rettilineo_AR/Andata/007/B/Rettilineo_Y_B1_007.txt,datasets/Estratto_Rettilineo_AR/Andata/007/Profili delle velocità/Vel_007_B1.txt,datasets/Estratto_Rettilineo_AR/Andata/007/B/Scores_Y_B1_007.txt,datasets/Estratto_Rettilineo_AR/Andata/007/B/UnifiedScore_Y_B1_007.txt,False,False,74284,74284,0,5,"[5, 6, 7, 8, 9, 10, 11, 12]","[763, 9500, 18135, 26833, 35506, 44188, 52828, 61532, 70207]",False
46b25b8e-0110-4706-ad16-149cb5197581,Estratto_Rettilineo_AR,Andata,007,B,Y,1,F,datasets/Estratto_Rettilineo_AR/Andata/007/B/Rettilineo_Y_FB1_007.txt,datasets/Estratto_Rettilineo_AR/Andata/007/Profili delle velocità/Vel_007_FB1.txt,datasets/Estratto_Rettilineo_AR/Andata/007/B/Scores_Y_FB1_007.txt,datasets/Estratto_Rettilineo_AR/Andata/007/B/UnifiedScore_Y_FB1_007.txt,False,False,74164,74164,0,5,"[5, 6, 7, 8, 9, 10, 11, 12]","[690, 9392, 18009, 26649, 35317, 43977, 52586, 61250, 69868]",False
18a71786-c825-4b1b-a198-28a68835ec1a,Estratto_Rettilineo_AR,Andata,007,B,Z,1,,datasets/Estratto_Rettilineo_AR/Andata/007/B/Rettilineo_Z_B1_007.txt,datasets/Estratto_Rettilineo_AR/Andata/007/Profili delle velocità/Vel_007_B1.txt,datasets/Estratto_Rettilineo_AR/Andata/007/B/Scores_Z_B1_007.txt,datasets/Estratto_Rettilineo_AR/Andata/007/B/UnifiedScore_Z_B1_007.txt,False,False,74284,74284,0,5,"[5, 6, 7, 8, 9, 10, 11, 12]","[763, 9500, 18135, 26833, 35506, 44188, 52828, 61532, 70207]",False
f9661f7f-ba6e-410a-b58c-2c236bf9ed98,Estratto_Rettilineo_AR,Andata,007,B,Z,1,FF,datasets/Estratto_Rettilineo_AR/Andata/007/B/Rettilineo_Z_FFB1_007.txt,datasets/Estratto_Rettilineo_AR/Andata/007/Profili delle velocità/Vel_007_FFB1.txt,datasets/Estratto_Rettilineo_AR/Andata/007/B/Scores_Z_FFB1_007.txt,datasets/Estratto_Rettilineo_AR/Andata/007/B/UnifiedScore_Z_FFB1_007.txt,False,False,74044,74044,0,5,"[5, 6, 7, 8, 9, 10, 11, 12]","[609, 9322, 17946, 26601, 35275, 43945, 52563, 61244, 69876]",False
aa8b2c12-3151-4ece-8d48-b0cdea03db91,Estratto_Rettilineo_AR,Andata,007,B,Z,2,,datasets/Estratto_Rettilineo_AR/Andata/007/B/Rettilineo_Z_B2_007.txt,datasets/Estratto_Rettilineo_AR/Andata/007/Profili delle velocità/Vel_007_B2.txt,datasets/Estratto_Rettilineo_AR/Andata/007/B/Scores_Z_B2_007.txt,datasets/Estratto_Rettilineo_AR/Andata/007/B/UnifiedScore_Z_B2_007.txt,False,False,74404,74404,0,5,"[5, 6, 7, 8, 9, 10, 11, 12]","[690, 9499, 18097, 26807, 35505, 44170, 52872, 61589, 70281]",False
318dbf58-9564-40f6-a501-53a359aecf79,Estratto_Rettilineo_AR,Andata,007,B,Y,2,,datasets/Estratto_Rettilineo_AR/Andata/007/B/Rettilineo_Y_B2_007.txt,datasets/Estratto_Rettilineo_AR/Andata/007/Profili delle velocità/Vel_007_B2.txt,datasets/Estratto_Rettilineo_AR/Andata/007/B/Scores_Y_B2_007.txt,datasets/Estratto_Rettilineo_AR/Andata/007/B/UnifiedScore_Y_B2_007.txt,False,False,74404,74404,0,5,"[5, 6, 7, 8, 9, 10, 11, 12]","[690, 9499, 18097, 26807, 35505, 44170, 52872, 61589, 70281]",False
501d30fd-985e-4137-ab47-b5ee2a6f278a,Estratto_Rettilineo_AR,Andata,007,B,X,1,FF,datasets/Estratto_Rettilineo_AR/Andata/007/B/Rettilineo_X_FFB1_007.txt,datasets/Estratto_Rettilineo_AR/Andata/007/Profili delle velocità/Vel_007_FFB1.txt,datasets/Estratto_Rettilineo_AR/Andata/007/B/Scores_X_FFB1_007.txt,datasets/Estratto_Rettilineo_AR/Andata/007/B/UnifiedScore_X_FFB1_007.txt,False,False,74044,74044,0,5,"[5, 6, 7, 8, 9, 10, 11, 12]","[609, 9322, 17946, 26601, 35275, 43945, 52563, 61244, 69876]",False
369ee1a3-1107-4e30-b89e-03120c9105d6,Estratto_Rettilineo_AR,Andata,007,B,Z,1,F,datasets/Estratto_Rettilineo_AR/Andata/007/B/Rettilineo_Z_FB1_007.txt,datasets/Estratto_Rettilineo_AR/Andata/007/Profili delle velocità/Vel_007_FB1.txt,datasets/Estratto_Rettilineo_AR/Andata/007/B/Scores_Z_FB1_007.txt,datasets/Estratto_Rettilineo_AR/Andata/007/B/UnifiedScore_Z_FB1_007.txt,False,False,74164,74164,0,5,"[5, 6, 7, 8, 9, 10, 11, 12]","[690, 9392, 18009, 26649, 35317, 43977, 52586, 61250, 69868]",False
426930b2-7886-49d6-867d-bc5bd9c7f16f,Estratto_Rettilineo_AR,Andata,007,B,Y,1,FF,datasets/Estratto_Rettilineo_AR/Andata/007/B/Rettilineo_Y_FFB1_007.txt,datasets/Estratto_Rettilineo_AR/Andata/007/Profili delle velocità/Vel_007_FFB1.txt,datasets/Estratto_Rettilineo_AR/Andata/007/B/Scores_Y_FFB1_007.txt,datasets/Estratto_Rettilineo_AR/Andata/007/B/UnifiedScore_Y_FFB1_007.txt,False,False,74044,74044,0,5,"[5, 6, 7, 8, 9, 10, 11, 12]","[609, 9322, 17946, 26601, 35275, 43945, 52563, 61244, 69876]",False
