ID,Dataset,Direction,Train,Avg_Speed,Component,Num_Trip,Engine_Status,Accel_Path,Vel_Path,Scores_Path,UnifiedScore_Path,is_ABU-B_enabled,is_ABU-A_enabled,N_acc,N_vel,N_discrepance,Reference_Bearing,Bearing_Columns,Weldings,Wheel_Fault,N_Shifts,S_Shifts
2877fdf0-1ea4-4f35-b4c9-b62ff445bf8d,Estratto_Rettilineo_AR,Ritorno,005,A,X,2,,/home/mario/WS/OCTOPUS/PyOctopus/datasets/Estratto_Rettilineo_AR/Ritorno/005/A/Rettilineo_X_A2_005.txt,/home/mario/WS/OCTOPUS/PyOctopus/datasets/Estratto_Rettilineo_AR/Ritorno/005/Profili delle velocità/Vel_005_A2.txt,/home/mario/WS/OCTOPUS/PyOctopus/datasets/Estratto_Rettilineo_AR/Ritorno/005/A/Scores_X_A2_005.txt,/home/mario/WS/OCTOPUS/PyOctopus/datasets/Estratto_Rettilineo_AR/Ritorno/005/A/UnifiedScore_X_A2_005.txt,False,False,145457,145457,0,12,"[5, 6, 7, 8, 9, 10, 11, 12]","[16127, 33261, 50484, 67568, 84577, 101505, 118243, 134458]",True,"[-480,35647,-79,0]","[-1417,758,-110,0]"
0c8d2616-0544-45fd-87dc-ccd7360f3537,Estratto_Rettilineo_AR,Ritorno,005,A,X,1,,/home/mario/WS/OCTOPUS/PyOctopus/datasets/Estratto_Rettilineo_AR/Ritorno/005/A/Rettilineo_X_A1_005.txt,/home/mario/WS/OCTOPUS/PyOctopus/datasets/Estratto_Rettilineo_AR/Ritorno/005/Profili delle velocità/Vel_005_A1.txt,/home/mario/WS/OCTOPUS/PyOctopus/datasets/Estratto_Rettilineo_AR/Ritorno/005/A/Scores_X_A1_005.txt,/home/mario/WS/OCTOPUS/PyOctopus/datasets/Estratto_Rettilineo_AR/Ritorno/005/A/UnifiedScore_X_A1_005.txt,False,False,145577,145577,0,12,"[5, 6, 7, 8, 9, 10, 11, 12]","[1466, 16234, 30781, 45682, 62490, 79697, 96465, 113625, 130672]",False,"[-3721,-3528,-78,0]","[-16,-4021,76,0]"
5ef8a13d-15a7-4c7e-97c2-08b853301498,Estratto_Rettilineo_AR,Ritorno,005,A,Y,1,,/home/mario/WS/OCTOPUS/PyOctopus/datasets/Estratto_Rettilineo_AR/Ritorno/005/A/Rettilineo_Y_A1_005.txt,/home/mario/WS/OCTOPUS/PyOctopus/datasets/Estratto_Rettilineo_AR/Ritorno/005/Profili delle velocità/Vel_005_A1.txt,/home/mario/WS/OCTOPUS/PyOctopus/datasets/Estratto_Rettilineo_AR/Ritorno/005/A/Scores_Y_A1_005.txt,/home/mario/WS/OCTOPUS/PyOctopus/datasets/Estratto_Rettilineo_AR/Ritorno/005/A/UnifiedScore_Y_A1_005.txt,False,False,145577,145577,0,12,"[5, 6, 7, 8, 9, 10, 11, 12]","[1466, 16234, 30781, 45682, 62490, 79697, 96465, 113625, 130672]",False,"[124,-3526,-1267,0]","[-3660,-3527,-25,0]"
93bad86e-c529-4308-91a6-01cfcde20dcd,Estratto_Rettilineo_AR,Ritorno,005,A,Y,2,,/home/mario/WS/OCTOPUS/PyOctopus/datasets/Estratto_Rettilineo_AR/Ritorno/005/A/Rettilineo_Y_A2_005.txt,/home/mario/WS/OCTOPUS/PyOctopus/datasets/Estratto_Rettilineo_AR/Ritorno/005/Profili delle velocità/Vel_005_A2.txt,/home/mario/WS/OCTOPUS/PyOctopus/datasets/Estratto_Rettilineo_AR/Ritorno/005/A/Scores_Y_A2_005.txt,/home/mario/WS/OCTOPUS/PyOctopus/datasets/Estratto_Rettilineo_AR/Ritorno/005/A/UnifiedScore_Y_A2_005.txt,False,False,145457,145457,0,12,"[5, 6, 7, 8, 9, 10, 11, 12]","[16127, 33261, 50484, 67568, 84577, 101505, 118243, 134458]",True,"[-4658,-13934,-30,0]","[603,-5095,-26,0]"
ef2dc4f1-fe98-49ea-a72a-317bdefbb6b4,Estratto_Rettilineo_AR,Ritorno,005,A,Z,1,,/home/mario/WS/OCTOPUS/PyOctopus/datasets/Estratto_Rettilineo_AR/Ritorno/005/A/Rettilineo_Z_A1_005.txt,/home/mario/WS/OCTOPUS/PyOctopus/datasets/Estratto_Rettilineo_AR/Ritorno/005/Profili delle velocità/Vel_005_A1.txt,/home/mario/WS/OCTOPUS/PyOctopus/datasets/Estratto_Rettilineo_AR/Ritorno/005/A/Scores_Z_A1_005.txt,/home/mario/WS/OCTOPUS/PyOctopus/datasets/Estratto_Rettilineo_AR/Ritorno/005/A/UnifiedScore_Z_A1_005.txt,False,False,145577,145577,0,12,"[5, 6, 7, 8, 9, 10, 11, 12]","[1466, 16234, 30781, 45682, 62490, 79697, 96465, 113625, 130672]",False,"[-3703,-3560,127,0]","[-4734,-9227,93,0]"
abfe0793-12b3-45a4-961e-447ad8102216,Estratto_Rettilineo_AR,Ritorno,005,A,Z,2,,/home/mario/WS/OCTOPUS/PyOctopus/datasets/Estratto_Rettilineo_AR/Ritorno/005/A/Rettilineo_Z_A2_005.txt,/home/mario/WS/OCTOPUS/PyOctopus/datasets/Estratto_Rettilineo_AR/Ritorno/005/Profili delle velocità/Vel_005_A2.txt,/home/mario/WS/OCTOPUS/PyOctopus/datasets/Estratto_Rettilineo_AR/Ritorno/005/A/Scores_Z_A2_005.txt,/home/mario/WS/OCTOPUS/PyOctopus/datasets/Estratto_Rettilineo_AR/Ritorno/005/A/UnifiedScore_Z_A2_005.txt,False,False,145457,145457,0,12,"[5, 6, 7, 8, 9, 10, 11, 12]","[16127, 33261, 50484, 67568, 84577, 101505, 118243, 134458]",True,"[-5101,-10009,126,0]","[-11014,-4000,124,0]"
277c89dc-b58f-46c5-8dd2-b7da6ec55859,Estratto_Rettilineo_AR,Ritorno,005,C,X,2,,/home/mario/WS/OCTOPUS/PyOctopus/datasets/Estratto_Rettilineo_AR/Ritorno/005/C/Rettilineo_X_C2_005.txt,/home/mario/WS/OCTOPUS/PyOctopus/datasets/Estratto_Rettilineo_AR/Ritorno/005/Profili delle velocità/Vel_005_C2.txt,/home/mario/WS/OCTOPUS/PyOctopus/datasets/Estratto_Rettilineo_AR/Ritorno/005/C/Scores_X_C2_005.txt,/home/mario/WS/OCTOPUS/PyOctopus/datasets/Estratto_Rettilineo_AR/Ritorno/005/C/UnifiedScore_X_C2_005.txt,False,False,48683,48683,0,12,"[5, 6, 7, 8, 9, 10, 11, 12]","[71, 5836, 11449, 17172, 22830, 28568, 34288, 40025, 45710]",False,"[-1588,-1169,-420,0]","[-1588,-1168,-419,0]"
dcd6063b-79af-4b5f-a235-193382730258,Estratto_Rettilineo_AR,Ritorno,005,C,Y,1,,/home/mario/WS/OCTOPUS/PyOctopus/datasets/Estratto_Rettilineo_AR/Ritorno/005/C/Rettilineo_Y_C1_005.txt,/home/mario/WS/OCTOPUS/PyOctopus/datasets/Estratto_Rettilineo_AR/Ritorno/005/Profili delle velocità/Vel_005_C1.txt,/home/mario/WS/OCTOPUS/PyOctopus/datasets/Estratto_Rettilineo_AR/Ritorno/005/C/Scores_Y_C1_005.txt,/home/mario/WS/OCTOPUS/PyOctopus/datasets/Estratto_Rettilineo_AR/Ritorno/005/C/UnifiedScore_Y_C1_005.txt,False,False,48802,48802,0,12,"[5, 6, 7, 8, 9, 10, 11, 12]","[1633, 7400, 13000, 18724, 24412, 30094, 35782, 41531, 47209]",False,"[-1586,-1166,-418,0]","[-1586,-1168,-419,0]"
ae2086f4-501f-4c21-aa1b-cd29d909152d,Estratto_Rettilineo_AR,Ritorno,005,C,Z,2,,/home/mario/WS/OCTOPUS/PyOctopus/datasets/Estratto_Rettilineo_AR/Ritorno/005/C/Rettilineo_Z_C2_005.txt,/home/mario/WS/OCTOPUS/PyOctopus/datasets/Estratto_Rettilineo_AR/Ritorno/005/Profili delle velocità/Vel_005_C2.txt,/home/mario/WS/OCTOPUS/PyOctopus/datasets/Estratto_Rettilineo_AR/Ritorno/005/C/Scores_Z_C2_005.txt,/home/mario/WS/OCTOPUS/PyOctopus/datasets/Estratto_Rettilineo_AR/Ritorno/005/C/UnifiedScore_Z_C2_005.txt,False,False,48683,48683,0,12,"[5, 6, 7, 8, 9, 10, 11, 12]","[71, 5836, 11449, 17172, 22830, 28568, 34288, 40025, 45710]",False,"[-1589,-1169,-420,0]","[-1589,-1168,-419,0]"
172fc9d2-dc8c-4d58-ae5d-6eaa4f160d55,Estratto_Rettilineo_AR,Ritorno,005,C,Z,1,,/home/mario/WS/OCTOPUS/PyOctopus/datasets/Estratto_Rettilineo_AR/Ritorno/005/C/Rettilineo_Z_C1_005.txt,/home/mario/WS/OCTOPUS/PyOctopus/datasets/Estratto_Rettilineo_AR/Ritorno/005/Profili delle velocità/Vel_005_C1.txt,/home/mario/WS/OCTOPUS/PyOctopus/datasets/Estratto_Rettilineo_AR/Ritorno/005/C/Scores_Z_C1_005.txt,/home/mario/WS/OCTOPUS/PyOctopus/datasets/Estratto_Rettilineo_AR/Ritorno/005/C/UnifiedScore_Z_C1_005.txt,False,False,48802,48802,0,12,"[5, 6, 7, 8, 9, 10, 11, 12]","[1633, 7400, 13000, 18724, 24412, 30094, 35782, 41531, 47209]",False,"[-1586,-1167,-419,0]","[-1587,-1168,-419,0]"
a40919e2-f9ea-4277-956a-f0b67535430e,Estratto_Rettilineo_AR,Ritorno,005,C,X,1,,/home/mario/WS/OCTOPUS/PyOctopus/datasets/Estratto_Rettilineo_AR/Ritorno/005/C/Rettilineo_X_C1_005.txt,/home/mario/WS/OCTOPUS/PyOctopus/datasets/Estratto_Rettilineo_AR/Ritorno/005/Profili delle velocità/Vel_005_C1.txt,/home/mario/WS/OCTOPUS/PyOctopus/datasets/Estratto_Rettilineo_AR/Ritorno/005/C/Scores_X_C1_005.txt,/home/mario/WS/OCTOPUS/PyOctopus/datasets/Estratto_Rettilineo_AR/Ritorno/005/C/UnifiedScore_X_C1_005.txt,False,False,48802,48802,0,12,"[5, 6, 7, 8, 9, 10, 11, 12]","[1633, 7400, 13000, 18724, 24412, 30094, 35782, 41531, 47209]",False,"[-1586,-1168,-419,0]","[-1586,-1167,-419,0]"
2211aa77-9612-40ad-9961-27cc076e89f3,Estratto_Rettilineo_AR,Ritorno,005,C,Y,2,,/home/mario/WS/OCTOPUS/PyOctopus/datasets/Estratto_Rettilineo_AR/Ritorno/005/C/Rettilineo_Y_C2_005.txt,/home/mario/WS/OCTOPUS/PyOctopus/datasets/Estratto_Rettilineo_AR/Ritorno/005/Profili delle velocità/Vel_005_C2.txt,/home/mario/WS/OCTOPUS/PyOctopus/datasets/Estratto_Rettilineo_AR/Ritorno/005/C/Scores_Y_C2_005.txt,/home/mario/WS/OCTOPUS/PyOctopus/datasets/Estratto_Rettilineo_AR/Ritorno/005/C/UnifiedScore_Y_C2_005.txt,False,False,48683,48683,0,12,"[5, 6, 7, 8, 9, 10, 11, 12]","[71, 5836, 11449, 17172, 22830, 28568, 34288, 40025, 45710]",False,"[-1588,-1168,-419,0]","[-1589,-1169,-420,0]"
e79aa098-9dd4-476c-96fc-ff693ad13473,Estratto_Rettilineo_AR,Ritorno,005,B,Z,1,,/home/mario/WS/OCTOPUS/PyOctopus/datasets/Estratto_Rettilineo_AR/Ritorno/005/B/Rettilineo_Z_B1_005.txt,/home/mario/WS/OCTOPUS/PyOctopus/datasets/Estratto_Rettilineo_AR/Ritorno/005/Profili delle velocità/Vel_005_B1.txt,/home/mario/WS/OCTOPUS/PyOctopus/datasets/Estratto_Rettilineo_AR/Ritorno/005/B/Scores_Z_B1_005.txt,/home/mario/WS/OCTOPUS/PyOctopus/datasets/Estratto_Rettilineo_AR/Ritorno/005/B/UnifiedScore_Z_B1_005.txt,False,False,72963,72963,0,12,"[5, 6, 7, 8, 9, 10, 11, 12]","[557, 9127, 17607, 26119, 34619, 43140, 51666, 60195, 68703]",False,"[-2371,-1745,-626,0]","[-2372,-1745,-627,0]"
5027ca80-f2e3-4e6a-ba80-b290c40401b7,Estratto_Rettilineo_AR,Ritorno,005,B,X,2,,/home/mario/WS/OCTOPUS/PyOctopus/datasets/Estratto_Rettilineo_AR/Ritorno/005/B/Rettilineo_X_B2_005.txt,/home/mario/WS/OCTOPUS/PyOctopus/datasets/Estratto_Rettilineo_AR/Ritorno/005/Profili delle velocità/Vel_005_B2.txt,/home/mario/WS/OCTOPUS/PyOctopus/datasets/Estratto_Rettilineo_AR/Ritorno/005/B/Scores_X_B2_005.txt,/home/mario/WS/OCTOPUS/PyOctopus/datasets/Estratto_Rettilineo_AR/Ritorno/005/B/UnifiedScore_X_B2_005.txt,False,False,73083,73083,0,12,"[5, 6, 7, 8, 9, 10, 11, 12]","[552, 9121, 17558, 26104, 34593, 43146, 51599, 60198, 68682]",False,"[-2371,-1745,-626,0]","[-2371,-1744,-626,0]"
e2ea7f9e-9070-43ac-8041-7e69ec1bab8c,Estratto_Rettilineo_AR,Ritorno,005,B,Y,2,,/home/mario/WS/OCTOPUS/PyOctopus/datasets/Estratto_Rettilineo_AR/Ritorno/005/B/Rettilineo_Y_B2_005.txt,/home/mario/WS/OCTOPUS/PyOctopus/datasets/Estratto_Rettilineo_AR/Ritorno/005/Profili delle velocità/Vel_005_B2.txt,/home/mario/WS/OCTOPUS/PyOctopus/datasets/Estratto_Rettilineo_AR/Ritorno/005/B/Scores_Y_B2_005.txt,/home/mario/WS/OCTOPUS/PyOctopus/datasets/Estratto_Rettilineo_AR/Ritorno/005/B/UnifiedScore_Y_B2_005.txt,False,False,73083,73083,0,12,"[5, 6, 7, 8, 9, 10, 11, 12]","[552, 9121, 17558, 26104, 34593, 43146, 51599, 60198, 68682]",False,"[-2370,-1744,-626,0]","[-2370,-1745,-627,0]"
dc3b2dbd-a8b2-4675-8a53-63c20a87a791,Estratto_Rettilineo_AR,Ritorno,005,B,Y,1,,/home/mario/WS/OCTOPUS/PyOctopus/datasets/Estratto_Rettilineo_AR/Ritorno/005/B/Rettilineo_Y_B1_005.txt,/home/mario/WS/OCTOPUS/PyOctopus/datasets/Estratto_Rettilineo_AR/Ritorno/005/Profili delle velocità/Vel_005_B1.txt,/home/mario/WS/OCTOPUS/PyOctopus/datasets/Estratto_Rettilineo_AR/Ritorno/005/B/Scores_Y_B1_005.txt,/home/mario/WS/OCTOPUS/PyOctopus/datasets/Estratto_Rettilineo_AR/Ritorno/005/B/UnifiedScore_Y_B1_005.txt,False,False,72963,72963,0,12,"[5, 6, 7, 8, 9, 10, 11, 12]","[557, 9127, 17607, 26119, 34619, 43140, 51666, 60195, 68703]",False,"[-2369,-1743,-626,0]","[-2371,-1744,-627,0]"
f4de6fc8-ba1b-46ec-92e0-abfaddb94703,Estratto_Rettilineo_AR,Ritorno,005,B,Z,2,,/home/mario/WS/OCTOPUS/PyOctopus/datasets/Estratto_Rettilineo_AR/Ritorno/005/B/Rettilineo_Z_B2_005.txt,/home/mario/WS/OCTOPUS/PyOctopus/datasets/Estratto_Rettilineo_AR/Ritorno/005/Profili delle velocità/Vel_005_B2.txt,/home/mario/WS/OCTOPUS/PyOctopus/datasets/Estratto_Rettilineo_AR/Ritorno/005/B/Scores_Z_B2_005.txt,/home/mario/WS/OCTOPUS/PyOctopus/datasets/Estratto_Rettilineo_AR/Ritorno/005/B/UnifiedScore_Z_B2_005.txt,False,False,73083,73083,0,12,"[5, 6, 7, 8, 9, 10, 11, 12]","[552, 9121, 17558, 26104, 34593, 43146, 51599, 60198, 68682]",False,"[-2371,-1745,-626,0]","[-2372,-1745,-627,0]"
4504e15e-31e2-4dac-91e3-26a60c747351,Estratto_Rettilineo_AR,Ritorno,005,B,X,1,,/home/mario/WS/OCTOPUS/PyOctopus/datasets/Estratto_Rettilineo_AR/Ritorno/005/B/Rettilineo_X_B1_005.txt,/home/mario/WS/OCTOPUS/PyOctopus/datasets/Estratto_Rettilineo_AR/Ritorno/005/Profili delle velocità/Vel_005_B1.txt,/home/mario/WS/OCTOPUS/PyOctopus/datasets/Estratto_Rettilineo_AR/Ritorno/005/B/Scores_X_B1_005.txt,/home/mario/WS/OCTOPUS/PyOctopus/datasets/Estratto_Rettilineo_AR/Ritorno/005/B/UnifiedScore_X_B1_005.txt,False,False,72963,72963,0,12,"[5, 6, 7, 8, 9, 10, 11, 12]","[557, 9127, 17607, 26119, 34619, 43140, 51666, 60195, 68703]",False,"[-2371,-1745,-626,0]","[-2371,-1745,-626,0]"
59714089-4120-4043-b2f2-26f9a358e398,Estratto_Rettilineo_AR,Ritorno,007,A,Z,1,F,/home/mario/WS/OCTOPUS/PyOctopus/datasets/Estratto_Rettilineo_AR/Ritorno/007/A/Rettilineo_Z_FA1_007.txt,/home/mario/WS/OCTOPUS/PyOctopus/datasets/Estratto_Rettilineo_AR/Ritorno/007/Profili delle velocità/Vel_007_FA1.txt,/home/mario/WS/OCTOPUS/PyOctopus/datasets/Estratto_Rettilineo_AR/Ritorno/007/A/Scores_Z_FA1_007.txt,/home/mario/WS/OCTOPUS/PyOctopus/datasets/Estratto_Rettilineo_AR/Ritorno/007/A/UnifiedScore_Z_FA1_007.txt,False,False,143383,143383,0,5,"[5, 6, 7, 8, 9, 10, 11, 12]","[1331, 17978, 34821, 51829, 68831, 85711, 102537, 119329, 135681]",False,"[-1286,5460,1255,0]","[4459,3343,-123,0]"
90b6088e-51f5-4c1f-b784-a8fa4892d77e,Estratto_Rettilineo_AR,Ritorno,007,A,Y,1,,/home/mario/WS/OCTOPUS/PyOctopus/datasets/Estratto_Rettilineo_AR/Ritorno/007/A/Rettilineo_Y_A1_007.txt,/home/mario/WS/OCTOPUS/PyOctopus/datasets/Estratto_Rettilineo_AR/Ritorno/007/Profili delle velocità/Vel_007_A1.txt,/home/mario/WS/OCTOPUS/PyOctopus/datasets/Estratto_Rettilineo_AR/Ritorno/007/A/Scores_Y_A1_007.txt,/home/mario/WS/OCTOPUS/PyOctopus/datasets/Estratto_Rettilineo_AR/Ritorno/007/A/UnifiedScore_Y_A1_007.txt,False,False,140657,140657,0,5,"[5, 6, 7, 8, 9, 10, 11, 12]","[1135, 17966, 34771, 51633, 68456, 85319, 102219, 119131, 135858]",False,"[4689,3456,1239,0]","[4688,3458,1242,0]"
8536e5bd-45dd-4786-b001-d23605cd489e,Estratto_Rettilineo_AR,Ritorno,007,A,X,1,F,/home/mario/WS/OCTOPUS/PyOctopus/datasets/Estratto_Rettilineo_AR/Ritorno/007/A/Rettilineo_X_FA1_007.txt,/home/mario/WS/OCTOPUS/PyOctopus/datasets/Estratto_Rettilineo_AR/Ritorno/007/Profili delle velocità/Vel_007_FA1.txt,/home/mario/WS/OCTOPUS/PyOctopus/datasets/Estratto_Rettilineo_AR/Ritorno/007/A/Scores_X_FA1_007.txt,/home/mario/WS/OCTOPUS/PyOctopus/datasets/Estratto_Rettilineo_AR/Ritorno/007/A/UnifiedScore_X_FA1_007.txt,False,False,143383,143383,0,5,"[5, 6, 7, 8, 9, 10, 11, 12]","[1331, 17978, 34821, 51829, 68831, 85711, 102537, 119329, 135681]",False,"[28502,1145,-89,0]","[5862,19574,-125,0]"
195fa0be-30ff-40cc-b3a9-2792fa3549db,Estratto_Rettilineo_AR,Ritorno,007,A,X,1,,/home/mario/WS/OCTOPUS/PyOctopus/datasets/Estratto_Rettilineo_AR/Ritorno/007/A/Rettilineo_X_A1_007.txt,/home/mario/WS/OCTOPUS/PyOctopus/datasets/Estratto_Rettilineo_AR/Ritorno/007/Profili delle velocità/Vel_007_A1.txt,/home/mario/WS/OCTOPUS/PyOctopus/datasets/Estratto_Rettilineo_AR/Ritorno/007/A/Scores_X_A1_007.txt,/home/mario/WS/OCTOPUS/PyOctopus/datasets/Estratto_Rettilineo_AR/Ritorno/007/A/UnifiedScore_X_A1_007.txt,False,False,140657,140657,0,5,"[5, 6, 7, 8, 9, 10, 11, 12]","[1135, 17966, 34771, 51633, 68456, 85319, 102219, 119131, 135858]",False,"[4698,3458,1243,0]","[4690,3454,1240,0]"
523919e2-fe23-487c-a099-3bf08a5ce2a1,Estratto_Rettilineo_AR,Ritorno,007,A,Y,1,F,/home/mario/WS/OCTOPUS/PyOctopus/datasets/Estratto_Rettilineo_AR/Ritorno/007/A/Rettilineo_Y_FA1_007.txt,/home/mario/WS/OCTOPUS/PyOctopus/datasets/Estratto_Rettilineo_AR/Ritorno/007/Profili delle velocità/Vel_007_FA1.txt,/home/mario/WS/OCTOPUS/PyOctopus/datasets/Estratto_Rettilineo_AR/Ritorno/007/A/Scores_Y_FA1_007.txt,/home/mario/WS/OCTOPUS/PyOctopus/datasets/Estratto_Rettilineo_AR/Ritorno/007/A/UnifiedScore_Y_FA1_007.txt,False,False,143383,143383,0,5,"[5, 6, 7, 8, 9, 10, 11, 12]","[1331, 17978, 34821, 51829, 68831, 85711, 102537, 119329, 135681]",False,"[6875,3687,-140,0]","[6876,3686,-138,0]"
c05558f7-80b2-4491-a780-e4824871a513,Estratto_Rettilineo_AR,Ritorno,007,A,Z,1,,/home/mario/WS/OCTOPUS/PyOctopus/datasets/Estratto_Rettilineo_AR/Ritorno/007/A/Rettilineo_Z_A1_007.txt,/home/mario/WS/OCTOPUS/PyOctopus/datasets/Estratto_Rettilineo_AR/Ritorno/007/Profili delle velocità/Vel_007_A1.txt,/home/mario/WS/OCTOPUS/PyOctopus/datasets/Estratto_Rettilineo_AR/Ritorno/007/A/Scores_Z_A1_007.txt,/home/mario/WS/OCTOPUS/PyOctopus/datasets/Estratto_Rettilineo_AR/Ritorno/007/A/UnifiedScore_Z_A1_007.txt,False,False,140657,140657,0,5,"[5, 6, 7, 8, 9, 10, 11, 12]","[1135, 17966, 34771, 51633, 68456, 85319, 102219, 119131, 135858]",False,"[4699,3457,1244,0]","[4689,3454,1239,0]"
7f339af6-a469-4475-9d9f-04a1f278b239,Estratto_Rettilineo_AR,Ritorno,007,C,Z,1,,/home/mario/WS/OCTOPUS/PyOctopus/datasets/Estratto_Rettilineo_AR/Ritorno/007/C/Rettilineo_Z_C1_007.txt,/home/mario/WS/OCTOPUS/PyOctopus/datasets/Estratto_Rettilineo_AR/Ritorno/007/Profili delle velocità/Vel_007_C1.txt,/home/mario/WS/OCTOPUS/PyOctopus/datasets/Estratto_Rettilineo_AR/Ritorno/007/C/Scores_Z_C1_007.txt,/home/mario/WS/OCTOPUS/PyOctopus/datasets/Estratto_Rettilineo_AR/Ritorno/007/C/UnifiedScore_Z_C1_007.txt,False,False,42358,42358,0,5,"[5, 6, 7, 8, 9, 10, 11, 12]","[1593, 7320, 12851, 18642, 24183, 30038, 35646, 41389, 47124]",False,"[1585,1166,419,0]","[1584,1166,419,0]"
ab0f8e0e-03e5-4959-a540-a232f918bab3,Estratto_Rettilineo_AR,Ritorno,007,C,X,1,,/home/mario/WS/OCTOPUS/PyOctopus/datasets/Estratto_Rettilineo_AR/Ritorno/007/C/Rettilineo_X_C1_007.txt,/home/mario/WS/OCTOPUS/PyOctopus/datasets/Estratto_Rettilineo_AR/Ritorno/007/Profili delle velocità/Vel_007_C1.txt,/home/mario/WS/OCTOPUS/PyOctopus/datasets/Estratto_Rettilineo_AR/Ritorno/007/C/Scores_X_C1_007.txt,/home/mario/WS/OCTOPUS/PyOctopus/datasets/Estratto_Rettilineo_AR/Ritorno/007/C/UnifiedScore_X_C1_007.txt,False,False,42358,42358,0,5,"[5, 6, 7, 8, 9, 10, 11, 12]","[1593, 7320, 12851, 18642, 24183, 30038, 35646, 41389, 47124]",False,"[1585,1166,419,0]","[1584,1166,418,0]"
759549c7-80df-4315-bb69-17a895abfddf,Estratto_Rettilineo_AR,Ritorno,007,C,Y,1,,/home/mario/WS/OCTOPUS/PyOctopus/datasets/Estratto_Rettilineo_AR/Ritorno/007/C/Rettilineo_Y_C1_007.txt,/home/mario/WS/OCTOPUS/PyOctopus/datasets/Estratto_Rettilineo_AR/Ritorno/007/Profili delle velocità/Vel_007_C1.txt,/home/mario/WS/OCTOPUS/PyOctopus/datasets/Estratto_Rettilineo_AR/Ritorno/007/C/Scores_Y_C1_007.txt,/home/mario/WS/OCTOPUS/PyOctopus/datasets/Estratto_Rettilineo_AR/Ritorno/007/C/UnifiedScore_Y_C1_007.txt,False,False,42358,42358,0,5,"[5, 6, 7, 8, 9, 10, 11, 12]","[1593, 7320, 12851, 18642, 24183, 30038, 35646, 41389, 47124]",False,"[1584,1166,419,0]","[1584,1165,419,0]"
03f66e24-3864-42f8-9bed-e5cf415a4a33,Estratto_Rettilineo_AR,Ritorno,007,B,X,1,,/home/mario/WS/OCTOPUS/PyOctopus/datasets/Estratto_Rettilineo_AR/Ritorno/007/B/Rettilineo_X_B1_007.txt,/home/mario/WS/OCTOPUS/PyOctopus/datasets/Estratto_Rettilineo_AR/Ritorno/007/Profili delle velocità/Vel_007_B1.txt,/home/mario/WS/OCTOPUS/PyOctopus/datasets/Estratto_Rettilineo_AR/Ritorno/007/B/Scores_X_B1_007.txt,/home/mario/WS/OCTOPUS/PyOctopus/datasets/Estratto_Rettilineo_AR/Ritorno/007/B/UnifiedScore_X_B1_007.txt,False,False,72843,72843,0,5,"[5, 6, 7, 8, 9, 10, 11, 12]","[792, 9300, 17781, 26343, 34808, 43359, 51850, 60378, 68880]",False,"[2370,1744,627,0]","[2369,1744,626,0]"
f963fb69-0389-421f-8d67-ae3a26926c7d,Estratto_Rettilineo_AR,Ritorno,007,B,X,1,F,/home/mario/WS/OCTOPUS/PyOctopus/datasets/Estratto_Rettilineo_AR/Ritorno/007/B/Rettilineo_X_FB1_007.txt,/home/mario/WS/OCTOPUS/PyOctopus/datasets/Estratto_Rettilineo_AR/Ritorno/007/Profili delle velocità/Vel_007_FB1.txt,/home/mario/WS/OCTOPUS/PyOctopus/datasets/Estratto_Rettilineo_AR/Ritorno/007/B/Scores_X_FB1_007.txt,/home/mario/WS/OCTOPUS/PyOctopus/datasets/Estratto_Rettilineo_AR/Ritorno/007/B/UnifiedScore_X_FB1_007.txt,False,False,72843,72843,0,5,"[5, 6, 7, 8, 9, 10, 11, 12]","[579, 9070, 17494, 26022, 34463, 42984, 51454, 59957, 68446]",False,"[2363,1739,625,0]","[2360,1737,623,0]"
e603adbb-dd4f-4d33-975f-83de4cfc94bc,Estratto_Rettilineo_AR,Ritorno,007,B,Y,1,,/home/mario/WS/OCTOPUS/PyOctopus/datasets/Estratto_Rettilineo_AR/Ritorno/007/B/Rettilineo_Y_B1_007.txt,/home/mario/WS/OCTOPUS/PyOctopus/datasets/Estratto_Rettilineo_AR/Ritorno/007/Profili delle velocità/Vel_007_B1.txt,/home/mario/WS/OCTOPUS/PyOctopus/datasets/Estratto_Rettilineo_AR/Ritorno/007/B/Scores_Y_B1_007.txt,/home/mario/WS/OCTOPUS/PyOctopus/datasets/Estratto_Rettilineo_AR/Ritorno/007/B/UnifiedScore_Y_B1_007.txt,False,False,72843,72843,0,5,"[5, 6, 7, 8, 9, 10, 11, 12]","[792, 9300, 17781, 26343, 34808, 43359, 51850, 60378, 68880]",False,"[2369,1743,626,0]","[2368,1742,625,0]"
fa4eab79-4ec6-43fc-93f6-f9add60a1715,Estratto_Rettilineo_AR,Ritorno,007,B,Y,1,F,/home/mario/WS/OCTOPUS/PyOctopus/datasets/Estratto_Rettilineo_AR/Ritorno/007/B/Rettilineo_Y_FB1_007.txt,/home/mario/WS/OCTOPUS/PyOctopus/datasets/Estratto_Rettilineo_AR/Ritorno/007/Profili delle velocità/Vel_007_FB1.txt,/home/mario/WS/OCTOPUS/PyOctopus/datasets/Estratto_Rettilineo_AR/Ritorno/007/B/Scores_Y_FB1_007.txt,/home/mario/WS/OCTOPUS/PyOctopus/datasets/Estratto_Rettilineo_AR/Ritorno/007/B/UnifiedScore_Y_FB1_007.txt,False,False,72843,72843,0,5,"[5, 6, 7, 8, 9, 10, 11, 12]","[579, 9070, 17494, 26022, 34463, 42984, 51454, 59957, 68446]",False,"[2375,1738,607,0]","[2377,1737,640,0]"
76e98498-b169-4865-a09f-9abcaf96d8b0,Estratto_Rettilineo_AR,Ritorno,007,B,Z,1,,/home/mario/WS/OCTOPUS/PyOctopus/datasets/Estratto_Rettilineo_AR/Ritorno/007/B/Rettilineo_Z_B1_007.txt,/home/mario/WS/OCTOPUS/PyOctopus/datasets/Estratto_Rettilineo_AR/Ritorno/007/Profili delle velocità/Vel_007_B1.txt,/home/mario/WS/OCTOPUS/PyOctopus/datasets/Estratto_Rettilineo_AR/Ritorno/007/B/Scores_Z_B1_007.txt,/home/mario/WS/OCTOPUS/PyOctopus/datasets/Estratto_Rettilineo_AR/Ritorno/007/B/UnifiedScore_Z_B1_007.txt,False,False,72843,72843,0,5,"[5, 6, 7, 8, 9, 10, 11, 12]","[792, 9300, 17781, 26343, 34808, 43359, 51850, 60378, 68880]",False,"[2370,1743,628,0]","[2368,1743,626,0]"
1b389eb6-9988-4555-9230-487b238b335a,Estratto_Rettilineo_AR,Ritorno,007,B,Z,1,F,/home/mario/WS/OCTOPUS/PyOctopus/datasets/Estratto_Rettilineo_AR/Ritorno/007/B/Rettilineo_Z_FB1_007.txt,/home/mario/WS/OCTOPUS/PyOctopus/datasets/Estratto_Rettilineo_AR/Ritorno/007/Profili delle velocità/Vel_007_FB1.txt,/home/mario/WS/OCTOPUS/PyOctopus/datasets/Estratto_Rettilineo_AR/Ritorno/007/B/Scores_Z_FB1_007.txt,/home/mario/WS/OCTOPUS/PyOctopus/datasets/Estratto_Rettilineo_AR/Ritorno/007/B/UnifiedScore_Z_FB1_007.txt,False,False,72843,72843,0,5,"[5, 6, 7, 8, 9, 10, 11, 12]","[579, 9070, 17494, 26022, 34463, 42984, 51454, 59957, 68446]",False,"[2363,1738,626,0]","[2360,1738,623,0]"
cda8edb7-143f-44a9-964a-9554552616f0,Estratto_Rettilineo_AR,Andata,005,A,X,2,,/home/mario/WS/OCTOPUS/PyOctopus/datasets/Estratto_Rettilineo_AR/Andata/005/A/Rettilineo_X_A2_005.txt,/home/mario/WS/OCTOPUS/PyOctopus/datasets/Estratto_Rettilineo_AR/Andata/005/Profili delle velocità/Vel_005_A2.txt,/home/mario/WS/OCTOPUS/PyOctopus/datasets/Estratto_Rettilineo_AR/Andata/005/A/Scores_X_A2_005.txt,/home/mario/WS/OCTOPUS/PyOctopus/datasets/Estratto_Rettilineo_AR/Andata/005/A/UnifiedScore_X_A2_005.txt,False,False,150857,150857,0,12,"[5, 6, 7, 8, 9, 10, 11, 12]","[15217, 32697, 50208, 67956, 85588, 103145, 120809, 138461]",True,"[0,-1297,-3612,-4908]","[0,-1297,-3612,-4908]"
fab12d71-49f7-4e0a-ab54-edcfe83b3158,Estratto_Rettilineo_AR,Andata,005,A,Y,2,,/home/mario/WS/OCTOPUS/PyOctopus/datasets/Estratto_Rettilineo_AR/Andata/005/A/Rettilineo_Y_A2_005.txt,/home/mario/WS/OCTOPUS/PyOctopus/datasets/Estratto_Rettilineo_AR/Andata/005/Profili delle velocità/Vel_005_A2.txt,/home/mario/WS/OCTOPUS/PyOctopus/datasets/Estratto_Rettilineo_AR/Andata/005/A/Scores_Y_A2_005.txt,/home/mario/WS/OCTOPUS/PyOctopus/datasets/Estratto_Rettilineo_AR/Andata/005/A/UnifiedScore_Y_A2_005.txt,False,False,150857,150857,0,12,"[5, 6, 7, 8, 9, 10, 11, 12]","[15217, 32697, 50208, 67956, 85588, 103145, 120809, 138461]",True,"[0,-1297,-3612,-4909]","[0,-1297,-3611,-4909]"
7e4a4fed-1589-420c-a61b-6b8258d082db,Estratto_Rettilineo_AR,Andata,005,A,Z,2,,/home/mario/WS/OCTOPUS/PyOctopus/datasets/Estratto_Rettilineo_AR/Andata/005/A/Rettilineo_Z_A2_005.txt,/home/mario/WS/OCTOPUS/PyOctopus/datasets/Estratto_Rettilineo_AR/Andata/005/Profili delle velocità/Vel_005_A2.txt,/home/mario/WS/OCTOPUS/PyOctopus/datasets/Estratto_Rettilineo_AR/Andata/005/A/Scores_Z_A2_005.txt,/home/mario/WS/OCTOPUS/PyOctopus/datasets/Estratto_Rettilineo_AR/Andata/005/A/UnifiedScore_Z_A2_005.txt,False,False,150857,150857,0,12,"[5, 6, 7, 8, 9, 10, 11, 12]","[15217, 32697, 50208, 67956, 85588, 103145, 120809, 138461]",True,"[0,-1298,-3611,-4909]","[0,-1297,-3612,-4907]"
7dbe3fd5-0ed4-4468-b688-2fe100e2e9db,Estratto_Rettilineo_AR,Andata,005,C,X,2,,/home/mario/WS/OCTOPUS/PyOctopus/datasets/Estratto_Rettilineo_AR/Andata/005/C/Rettilineo_X_C2_005.txt,/home/mario/WS/OCTOPUS/PyOctopus/datasets/Estratto_Rettilineo_AR/Andata/005/Profili delle velocità/Vel_005_C2.txt,/home/mario/WS/OCTOPUS/PyOctopus/datasets/Estratto_Rettilineo_AR/Andata/005/C/Scores_X_C2_005.txt,/home/mario/WS/OCTOPUS/PyOctopus/datasets/Estratto_Rettilineo_AR/Andata/005/C/UnifiedScore_X_C2_005.txt,False,False,49521,49521,0,12,"[5, 6, 7, 8, 9, 10, 11, 12]","[5752, 11488, 17271, 23063, 28856, 34619, 40424, 46184]",True,"[0,-427,-1187,-1613]","[0,-426,-1187,-1612]"
a5164e3b-0146-4ca4-add9-49e9c732bd05,Estratto_Rettilineo_AR,Andata,005,C,Y,1,,/home/mario/WS/OCTOPUS/PyOctopus/datasets/Estratto_Rettilineo_AR/Andata/005/C/Rettilineo_Y_C1_005.txt,/home/mario/WS/OCTOPUS/PyOctopus/datasets/Estratto_Rettilineo_AR/Andata/005/Profili delle velocità/Vel_005_C1.txt,/home/mario/WS/OCTOPUS/PyOctopus/datasets/Estratto_Rettilineo_AR/Andata/005/C/Scores_Y_C1_005.txt,/home/mario/WS/OCTOPUS/PyOctopus/datasets/Estratto_Rettilineo_AR/Andata/005/C/UnifiedScore_Y_C1_005.txt,False,False,49523,49523,0,12,"[5, 6, 7, 8, 9, 10, 11, 12]","[5670, 11396, 17200, 22987, 28775, 34530, 40347, 46105]",True,"[0,-426,-1187,-1613]","[0,-427,-1187,-1613]"
ae025874-e49f-4158-a704-9046e7342c6d,Estratto_Rettilineo_AR,Andata,005,C,Z,2,,/home/mario/WS/OCTOPUS/PyOctopus/datasets/Estratto_Rettilineo_AR/Andata/005/C/Rettilineo_Z_C2_005.txt,/home/mario/WS/OCTOPUS/PyOctopus/datasets/Estratto_Rettilineo_AR/Andata/005/Profili delle velocità/Vel_005_C2.txt,/home/mario/WS/OCTOPUS/PyOctopus/datasets/Estratto_Rettilineo_AR/Andata/005/C/Scores_Z_C2_005.txt,/home/mario/WS/OCTOPUS/PyOctopus/datasets/Estratto_Rettilineo_AR/Andata/005/C/UnifiedScore_Z_C2_005.txt,False,False,49521,49521,0,12,"[5, 6, 7, 8, 9, 10, 11, 12]","[5752, 11488, 17271, 23063, 28856, 34619, 40424, 46184]",True,"[0,-426,-1187,-1613]","[0,-426,-1187,-1613]"
79121707-4fd8-4092-b681-dc3b3cf79388,Estratto_Rettilineo_AR,Andata,005,C,Z,1,,/home/mario/WS/OCTOPUS/PyOctopus/datasets/Estratto_Rettilineo_AR/Andata/005/C/Rettilineo_Z_C1_005.txt,/home/mario/WS/OCTOPUS/PyOctopus/datasets/Estratto_Rettilineo_AR/Andata/005/Profili delle velocità/Vel_005_C1.txt,/home/mario/WS/OCTOPUS/PyOctopus/datasets/Estratto_Rettilineo_AR/Andata/005/C/Scores_Z_C1_005.txt,/home/mario/WS/OCTOPUS/PyOctopus/datasets/Estratto_Rettilineo_AR/Andata/005/C/UnifiedScore_Z_C1_005.txt,False,False,49523,49523,0,12,"[5, 6, 7, 8, 9, 10, 11, 12]","[5670, 11396, 17200, 22987, 28775, 34530, 40347, 46105]",True,"[0,-426,-1187,-1613]","[0,-426,-1187,-1613]"
401f7379-d1f7-4ad7-b83c-8dad572d1244,Estratto_Rettilineo_AR,Andata,005,C,X,1,,/home/mario/WS/OCTOPUS/PyOctopus/datasets/Estratto_Rettilineo_AR/Andata/005/C/Rettilineo_X_C1_005.txt,/home/mario/WS/OCTOPUS/PyOctopus/datasets/Estratto_Rettilineo_AR/Andata/005/Profili delle velocità/Vel_005_C1.txt,/home/mario/WS/OCTOPUS/PyOctopus/datasets/Estratto_Rettilineo_AR/Andata/005/C/Scores_X_C1_005.txt,/home/mario/WS/OCTOPUS/PyOctopus/datasets/Estratto_Rettilineo_AR/Andata/005/C/UnifiedScore_X_C1_005.txt,False,False,49523,49523,0,12,"[5, 6, 7, 8, 9, 10, 11, 12]","[5670, 11396, 17200, 22987, 28775, 34530, 40347, 46105]",True,"[0,-426,-1188,-1613]","[0,558,-1187,-1613]"
06950a51-67ea-4aa1-9855-2bb2400b8cb6,Estratto_Rettilineo_AR,Andata,005,C,Y,2,,/home/mario/WS/OCTOPUS/PyOctopus/datasets/Estratto_Rettilineo_AR/Andata/005/C/Rettilineo_Y_C2_005.txt,/home/mario/WS/OCTOPUS/PyOctopus/datasets/Estratto_Rettilineo_AR/Andata/005/Profili delle velocità/Vel_005_C2.txt,/home/mario/WS/OCTOPUS/PyOctopus/datasets/Estratto_Rettilineo_AR/Andata/005/C/Scores_Y_C2_005.txt,/home/mario/WS/OCTOPUS/PyOctopus/datasets/Estratto_Rettilineo_AR/Andata/005/C/UnifiedScore_Y_C2_005.txt,False,False,49521,49521,0,12,"[5, 6, 7, 8, 9, 10, 11, 12]","[5752, 11488, 17271, 23063, 28856, 34619, 40424, 46184]",True,"[0,-427,-1187,-1614]","[0,-427,-1187,-1613]"
8b31e01a-1957-4aca-acba-bcbb3354a5f4,Estratto_Rettilineo_AR,Andata,005,B,X,2,,/home/mario/WS/OCTOPUS/PyOctopus/datasets/Estratto_Rettilineo_AR/Andata/005/B/Rettilineo_X_B2_005.txt,/home/mario/WS/OCTOPUS/PyOctopus/datasets/Estratto_Rettilineo_AR/Andata/005/Profili delle velocità/Vel_005_B2.txt,/home/mario/WS/OCTOPUS/PyOctopus/datasets/Estratto_Rettilineo_AR/Andata/005/B/Scores_X_B2_005.txt,/home/mario/WS/OCTOPUS/PyOctopus/datasets/Estratto_Rettilineo_AR/Andata/005/B/UnifiedScore_X_B2_005.txt,False,False,75603,74763,840,12,"[5, 6, 7, 8, 9, 10, 11, 12]","[458, 9273, 18002, 26771, 35530, 44271, 53054, 61824, 70572]",False,"[0,-643,-1795,-2440]","[0,-645,-1795,-2440]"
2f99c287-b185-4880-94c8-164b6d5571dd,Estratto_Rettilineo_AR,Andata,005,B,Y,2,,/home/mario/WS/OCTOPUS/PyOctopus/datasets/Estratto_Rettilineo_AR/Andata/005/B/Rettilineo_Y_B2_005.txt,/home/mario/WS/OCTOPUS/PyOctopus/datasets/Estratto_Rettilineo_AR/Andata/005/Profili delle velocità/Vel_005_B2.txt,/home/mario/WS/OCTOPUS/PyOctopus/datasets/Estratto_Rettilineo_AR/Andata/005/B/Scores_Y_B2_005.txt,/home/mario/WS/OCTOPUS/PyOctopus/datasets/Estratto_Rettilineo_AR/Andata/005/B/UnifiedScore_Y_B2_005.txt,False,False,75603,74763,840,12,"[5, 6, 7, 8, 9, 10, 11, 12]","[458, 9273, 18002, 26771, 35530, 44271, 53054, 61824, 70572]",False,"[0,-645,-1796,-2441]","[0,-645,-1796,-2440]"
8d5baf53-d437-4d02-b549-768d2191da4a,Estratto_Rettilineo_AR,Andata,005,B,Z,2,,/home/mario/WS/OCTOPUS/PyOctopus/datasets/Estratto_Rettilineo_AR/Andata/005/B/Rettilineo_Z_B2_005.txt,/home/mario/WS/OCTOPUS/PyOctopus/datasets/Estratto_Rettilineo_AR/Andata/005/Profili delle velocità/Vel_005_B2.txt,/home/mario/WS/OCTOPUS/PyOctopus/datasets/Estratto_Rettilineo_AR/Andata/005/B/Scores_Z_B2_005.txt,/home/mario/WS/OCTOPUS/PyOctopus/datasets/Estratto_Rettilineo_AR/Andata/005/B/UnifiedScore_Z_B2_005.txt,False,False,75603,74763,840,12,"[5, 6, 7, 8, 9, 10, 11, 12]","[458, 9273, 18002, 26771, 35530, 44271, 53054, 61824, 70572]",False,"[0,-645,-1796,-2440]","[0,-645,-1796,-2440]"
bbe67ac7-ac70-42f5-b47a-2701ab6462d3,Estratto_Rettilineo_AR,Andata,007,A,Z,1,F,/home/mario/WS/OCTOPUS/PyOctopus/datasets/Estratto_Rettilineo_AR/Andata/007/A/Rettilineo_Z_FA1_007.txt,/home/mario/WS/OCTOPUS/PyOctopus/datasets/Estratto_Rettilineo_AR/Andata/007/Profili delle velocità/Vel_007_FA1.txt,/home/mario/WS/OCTOPUS/PyOctopus/datasets/Estratto_Rettilineo_AR/Andata/007/A/Scores_Z_FA1_007.txt,/home/mario/WS/OCTOPUS/PyOctopus/datasets/Estratto_Rettilineo_AR/Andata/007/A/UnifiedScore_Z_FA1_007.txt,False,False,150977,150977,0,5,"[5, 6, 7, 8, 9, 10, 11, 12]","[1333, 19113, 36795, 54417, 72084, 90142, 107393, 124982, 142535]",False,"[0,-1301,-3621,-4923]","[0,-1298,-3621,-4919]"
96f41558-a914-485d-8edc-63530824282d,Estratto_Rettilineo_AR,Andata,007,A,Y,1,,/home/mario/WS/OCTOPUS/PyOctopus/datasets/Estratto_Rettilineo_AR/Andata/007/A/Rettilineo_Y_A1_007.txt,/home/mario/WS/OCTOPUS/PyOctopus/datasets/Estratto_Rettilineo_AR/Andata/007/Profili delle velocità/Vel_007_A1.txt,/home/mario/WS/OCTOPUS/PyOctopus/datasets/Estratto_Rettilineo_AR/Andata/007/A/Scores_Y_A1_007.txt,/home/mario/WS/OCTOPUS/PyOctopus/datasets/Estratto_Rettilineo_AR/Andata/007/A/UnifiedScore_Y_A1_007.txt,False,False,149897,149897,0,5,"[5, 6, 7, 8, 9, 10, 11, 12]","[1309, 18956, 36442, 53887, 71438, 88889, 106453, 123935, 141358]",False,"[0,-1289,-3589,-4875]","[0,-1289,-3587,-4874]"
11a98e2c-cfb7-4497-8706-b3d07dbd5039,Estratto_Rettilineo_AR,Andata,007,A,X,1,F,/home/mario/WS/OCTOPUS/PyOctopus/datasets/Estratto_Rettilineo_AR/Andata/007/A/Rettilineo_X_FA1_007.txt,/home/mario/WS/OCTOPUS/PyOctopus/datasets/Estratto_Rettilineo_AR/Andata/007/Profili delle velocità/Vel_007_FA1.txt,/home/mario/WS/OCTOPUS/PyOctopus/datasets/Estratto_Rettilineo_AR/Andata/007/A/Scores_X_FA1_007.txt,/home/mario/WS/OCTOPUS/PyOctopus/datasets/Estratto_Rettilineo_AR/Andata/007/A/UnifiedScore_X_FA1_007.txt,False,False,150977,150977,0,5,"[5, 6, 7, 8, 9, 10, 11, 12]","[1333, 19113, 36795, 54417, 72084, 90142, 107393, 124982, 142535]",False,"[0,-1298,-3621,-4922]","[0,-1297,-3622,-4920]"
c48597cc-4115-4d26-9518-2e2a2f1820e1,Estratto_Rettilineo_AR,Andata,007,A,X,1,FF,/home/mario/WS/OCTOPUS/PyOctopus/datasets/Estratto_Rettilineo_AR/Andata/007/A/Rettilineo_X_FFA1_007.txt,/home/mario/WS/OCTOPUS/PyOctopus/datasets/Estratto_Rettilineo_AR/Andata/007/Profili delle velocità/Vel_007_FFA1.txt,/home/mario/WS/OCTOPUS/PyOctopus/datasets/Estratto_Rettilineo_AR/Andata/007/A/Scores_X_FFA1_007.txt,/home/mario/WS/OCTOPUS/PyOctopus/datasets/Estratto_Rettilineo_AR/Andata/007/A/UnifiedScore_X_FFA1_007.txt,False,False,148457,148457,0,5,"[5, 6, 7, 8, 9, 10, 11, 12]","[1329, 18815, 36170, 53454, 70881, 88209, 105605, 122897, 140063]",False,"[0,-1280,-3557,-4834]","[0,-1276,-3556,-4831]"
b9c5dd21-4c5c-4c63-ae72-41c349c3a8c9,Estratto_Rettilineo_AR,Andata,007,A,X,1,,/home/mario/WS/OCTOPUS/PyOctopus/datasets/Estratto_Rettilineo_AR/Andata/007/A/Rettilineo_X_A1_007.txt,/home/mario/WS/OCTOPUS/PyOctopus/datasets/Estratto_Rettilineo_AR/Andata/007/Profili delle velocità/Vel_007_A1.txt,/home/mario/WS/OCTOPUS/PyOctopus/datasets/Estratto_Rettilineo_AR/Andata/007/A/Scores_X_A1_007.txt,/home/mario/WS/OCTOPUS/PyOctopus/datasets/Estratto_Rettilineo_AR/Andata/007/A/UnifiedScore_X_A1_007.txt,False,False,149897,149897,0,5,"[5, 6, 7, 8, 9, 10, 11, 12]","[1309, 18956, 36442, 53887, 71438, 88889, 106453, 123935, 141358]",False,"[0,-1273,-3570,-4857]","[0,-1287,-3586,-4870]"
1d5b237c-4524-45e5-8b44-9f7c7eb5c4ef,Estratto_Rettilineo_AR,Andata,007,A,Y,1,F,/home/mario/WS/OCTOPUS/PyOctopus/datasets/Estratto_Rettilineo_AR/Andata/007/A/Rettilineo_Y_FA1_007.txt,/home/mario/WS/OCTOPUS/PyOctopus/datasets/Estratto_Rettilineo_AR/Andata/007/Profili delle velocità/Vel_007_FA1.txt,/home/mario/WS/OCTOPUS/PyOctopus/datasets/Estratto_Rettilineo_AR/Andata/007/A/Scores_Y_FA1_007.txt,/home/mario/WS/OCTOPUS/PyOctopus/datasets/Estratto_Rettilineo_AR/Andata/007/A/UnifiedScore_Y_FA1_007.txt,False,False,150977,150977,0,5,"[5, 6, 7, 8, 9, 10, 11, 12]","[1333, 19113, 36795, 54417, 72084, 90142, 107393, 124982, 142535]",False,"[0,-1299,-3621,-4921]","[0,-1300,-3621,-4922]"
bee4715e-da63-4a6f-b80a-792b0ea9e63f,Estratto_Rettilineo_AR,Andata,007,A,Z,1,,/home/mario/WS/OCTOPUS/PyOctopus/datasets/Estratto_Rettilineo_AR/Andata/007/A/Rettilineo_Z_A1_007.txt,/home/mario/WS/OCTOPUS/PyOctopus/datasets/Estratto_Rettilineo_AR/Andata/007/Profili delle velocità/Vel_007_A1.txt,/home/mario/WS/OCTOPUS/PyOctopus/datasets/Estratto_Rettilineo_AR/Andata/007/A/Scores_Z_A1_007.txt,/home/mario/WS/OCTOPUS/PyOctopus/datasets/Estratto_Rettilineo_AR/Andata/007/A/UnifiedScore_Z_A1_007.txt,False,False,149897,149897,0,5,"[5, 6, 7, 8, 9, 10, 11, 12]","[1309, 18956, 36442, 53887, 71438, 88889, 106453, 123935, 141358]",False,"[0,-1291,-3588,-4877]","[0,-1287,-3588,-4872]"
146d68d8-8e5b-4c53-8598-537555285d0c,Estratto_Rettilineo_AR,Andata,007,A,Y,1,FF,/home/mario/WS/OCTOPUS/PyOctopus/datasets/Estratto_Rettilineo_AR/Andata/007/A/Rettilineo_Y_FFA1_007.txt,/home/mario/WS/OCTOPUS/PyOctopus/datasets/Estratto_Rettilineo_AR/Andata/007/Profili delle velocità/Vel_007_FFA1.txt,/home/mario/WS/OCTOPUS/PyOctopus/datasets/Estratto_Rettilineo_AR/Andata/007/A/Scores_Y_FFA1_007.txt,/home/mario/WS/OCTOPUS/PyOctopus/datasets/Estratto_Rettilineo_AR/Andata/007/A/UnifiedScore_Y_FFA1_007.txt,False,False,148457,148457,0,5,"[5, 6, 7, 8, 9, 10, 11, 12]","[1329, 18815, 36170, 53454, 70881, 88209, 105605, 122897, 140063]",False,"[0,-1278,-3557,-4835]","[0,-1279,-3556,-4834]"
803edef4-0930-410e-b720-2ca9e3b648e6,Estratto_Rettilineo_AR,Andata,007,A,Z,1,FF,/home/mario/WS/OCTOPUS/PyOctopus/datasets/Estratto_Rettilineo_AR/Andata/007/A/Rettilineo_Z_FFA1_007.txt,/home/mario/WS/OCTOPUS/PyOctopus/datasets/Estratto_Rettilineo_AR/Andata/007/Profili delle velocità/Vel_007_FFA1.txt,/home/mario/WS/OCTOPUS/PyOctopus/datasets/Estratto_Rettilineo_AR/Andata/007/A/Scores_Z_FFA1_007.txt,/home/mario/WS/OCTOPUS/PyOctopus/datasets/Estratto_Rettilineo_AR/Andata/007/A/UnifiedScore_Z_FFA1_007.txt,False,False,148457,148457,0,5,"[5, 6, 7, 8, 9, 10, 11, 12]","[1329, 18815, 36170, 53454, 70881, 88209, 105605, 122897, 140063]",False,"[0,-1280,-3557,-4835]","[0,-1276,-3556,-4832]"
0bc50246-1dd9-4d4a-86bd-4c0226f1bd2f,Estratto_Rettilineo_AR,Andata,007,C,Y,2,,/home/mario/WS/OCTOPUS/PyOctopus/datasets/Estratto_Rettilineo_AR/Andata/007/C/Rettilineo_Y_C2_007.txt,/home/mario/WS/OCTOPUS/PyOctopus/datasets/Estratto_Rettilineo_AR/Andata/007/Profili delle velocità/Vel_007_C2.txt,/home/mario/WS/OCTOPUS/PyOctopus/datasets/Estratto_Rettilineo_AR/Andata/007/C/Scores_Y_C2_007.txt,/home/mario/WS/OCTOPUS/PyOctopus/datasets/Estratto_Rettilineo_AR/Andata/007/C/UnifiedScore_Y_C2_007.txt,False,False,49521,49521,0,5,"[5, 6, 7, 8, 9, 10, 11, 12]","[469, 6279, 12045, 17830, 23588, 29386, 35151, 40935, 46701]",False,"[0,-425,-1185,-1610]","[0,-426,-1184,-1610]"
b0b83d17-550f-444f-9740-55d0864b349a,Estratto_Rettilineo_AR,Andata,007,C,Y,1,F,/home/mario/WS/OCTOPUS/PyOctopus/datasets/Estratto_Rettilineo_AR/Andata/007/C/Rettilineo_Y_FC1_007.txt,/home/mario/WS/OCTOPUS/PyOctopus/datasets/Estratto_Rettilineo_AR/Andata/007/Profili delle velocità/Vel_007_FC1.txt,/home/mario/WS/OCTOPUS/PyOctopus/datasets/Estratto_Rettilineo_AR/Andata/007/C/Scores_Y_FC1_007.txt,/home/mario/WS/OCTOPUS/PyOctopus/datasets/Estratto_Rettilineo_AR/Andata/007/C/UnifiedScore_Y_FC1_007.txt,False,False,50242,50242,0,5,"[5, 6, 7, 8, 9, 10, 11, 12]","[473, 6470, 12401, 18331, 24221, 30083, 35874, 41693, 47448]",False,"[0,-437,-1183,-1654]","[0,-438,-1220,-1660]"
b4d268be-d1b8-4e1c-929b-93abcc164baf,Estratto_Rettilineo_AR,Andata,007,C,Z,1,F,/home/mario/WS/OCTOPUS/PyOctopus/datasets/Estratto_Rettilineo_AR/Andata/007/C/Rettilineo_Z_FC1_007.txt,/home/mario/WS/OCTOPUS/PyOctopus/datasets/Estratto_Rettilineo_AR/Andata/007/Profili delle velocità/Vel_007_FC1.txt,/home/mario/WS/OCTOPUS/PyOctopus/datasets/Estratto_Rettilineo_AR/Andata/007/C/Scores_Z_FC1_007.txt,/home/mario/WS/OCTOPUS/PyOctopus/datasets/Estratto_Rettilineo_AR/Andata/007/C/UnifiedScore_Z_FC1_007.txt,False,False,50242,50242,0,5,"[5, 6, 7, 8, 9, 10, 11, 12]","[473, 6470, 12401, 18331, 24221, 30083, 35874, 41693, 47448]",False,"[0,-436,-1218,-1654]","[0,-429,-1220,-1658]"
85882743-b184-4df5-8632-dfecb349f240,Estratto_Rettilineo_AR,Andata,007,C,Y,1,FF,/home/mario/WS/OCTOPUS/PyOctopus/datasets/Estratto_Rettilineo_AR/Andata/007/C/Rettilineo_Y_FFC1_007.txt,/home/mario/WS/OCTOPUS/PyOctopus/datasets/Estratto_Rettilineo_AR/Andata/007/Profili delle velocità/Vel_007_FFC1.txt,/home/mario/WS/OCTOPUS/PyOctopus/datasets/Estratto_Rettilineo_AR/Andata/007/C/Scores_Y_FFC1_007.txt,/home/mario/WS/OCTOPUS/PyOctopus/datasets/Estratto_Rettilineo_AR/Andata/007/C/UnifiedScore_Y_FFC1_007.txt,False,False,50241,50241,0,5,"[5, 6, 7, 8, 9, 10, 11, 12]","[399, 6339, 12223, 18124, 24006, 29885, 35730, 41593, 47422]",False,"[0,-433,-1209,-1644]","[0,-434,-1209,-1645]"
66c57f00-26d7-4fa7-a6ef-1fd93b7e9269,Estratto_Rettilineo_AR,Andata,007,C,X,2,,/home/mario/WS/OCTOPUS/PyOctopus/datasets/Estratto_Rettilineo_AR/Andata/007/C/Rettilineo_X_C2_007.txt,/home/mario/WS/OCTOPUS/PyOctopus/datasets/Estratto_Rettilineo_AR/Andata/007/Profili delle velocità/Vel_007_C2.txt,/home/mario/WS/OCTOPUS/PyOctopus/datasets/Estratto_Rettilineo_AR/Andata/007/C/Scores_X_C2_007.txt,/home/mario/WS/OCTOPUS/PyOctopus/datasets/Estratto_Rettilineo_AR/Andata/007/C/UnifiedScore_X_C2_007.txt,False,False,49521,49521,0,5,"[5, 6, 7, 8, 9, 10, 11, 12]","[469, 6279, 12045, 17830, 23588, 29386, 35151, 40935, 46701]",False,"[0,-425,-1184,-1609]","[0,-425,-1184,-1609]"
8f62a3b4-3ead-4b3f-b133-95f5aa3b4543,Estratto_Rettilineo_AR,Andata,007,C,X,1,FF,/home/mario/WS/OCTOPUS/PyOctopus/datasets/Estratto_Rettilineo_AR/Andata/007/C/Rettilineo_X_FFC1_007.txt,/home/mario/WS/OCTOPUS/PyOctopus/datasets/Estratto_Rettilineo_AR/Andata/007/Profili delle velocità/Vel_007_FFC1.txt,/home/mario/WS/OCTOPUS/PyOctopus/datasets/Estratto_Rettilineo_AR/Andata/007/C/Scores_X_FFC1_007.txt,/home/mario/WS/OCTOPUS/PyOctopus/datasets/Estratto_Rettilineo_AR/Andata/007/C/UnifiedScore_X_FFC1_007.txt,False,False,50241,50241,0,5,"[5, 6, 7, 8, 9, 10, 11, 12]","[399, 6339, 12223, 18124, 24006, 29885, 35730, 41593, 47422]",False,"[0,-433,-1207,-1641]","[0,-433,-1208,-1630]"
574a5529-aa85-4096-8a3f-74f8e0c9d03b,Estratto_Rettilineo_AR,Andata,007,C,X,1,,/home/mario/WS/OCTOPUS/PyOctopus/datasets/Estratto_Rettilineo_AR/Andata/007/C/Rettilineo_X_C1_007.txt,/home/mario/WS/OCTOPUS/PyOctopus/datasets/Estratto_Rettilineo_AR/Andata/007/Profili delle velocità/Vel_007_C1.txt,/home/mario/WS/OCTOPUS/PyOctopus/datasets/Estratto_Rettilineo_AR/Andata/007/C/Scores_X_C1_007.txt,/home/mario/WS/OCTOPUS/PyOctopus/datasets/Estratto_Rettilineo_AR/Andata/007/C/UnifiedScore_X_C1_007.txt,False,False,49761,49761,0,5,"[5, 6, 7, 8, 9, 10, 11, 12]","[481, 6334, 12102, 17899, 23686, 29478, 35269, 41047, 46832]",False,"[0,-425,-1187,-1613]","[0,-427,-1187,-1611]"
141d3b33-3f6f-4551-a9bd-4173d05f90c3,Estratto_Rettilineo_AR,Andata,007,C,Y,1,,/home/mario/WS/OCTOPUS/PyOctopus/datasets/Estratto_Rettilineo_AR/Andata/007/C/Rettilineo_Y_C1_007.txt,/home/mario/WS/OCTOPUS/PyOctopus/datasets/Estratto_Rettilineo_AR/Andata/007/Profili delle velocità/Vel_007_C1.txt,/home/mario/WS/OCTOPUS/PyOctopus/datasets/Estratto_Rettilineo_AR/Andata/007/C/Scores_Y_C1_007.txt,/home/mario/WS/OCTOPUS/PyOctopus/datasets/Estratto_Rettilineo_AR/Andata/007/C/UnifiedScore_Y_C1_007.txt,False,False,49761,49761,0,5,"[5, 6, 7, 8, 9, 10, 11, 12]","[481, 6334, 12102, 17899, 23686, 29478, 35269, 41047, 46832]",False,"[0,-425,-1187,-1615]","[0,-426,-1188,-1614]"
1a58be03-b9a0-427c-a9e6-54f42e1b09c0,Estratto_Rettilineo_AR,Andata,007,C,Z,2,,/home/mario/WS/OCTOPUS/PyOctopus/datasets/Estratto_Rettilineo_AR/Andata/007/C/Rettilineo_Z_C2_007.txt,/home/mario/WS/OCTOPUS/PyOctopus/datasets/Estratto_Rettilineo_AR/Andata/007/Profili delle velocità/Vel_007_C2.txt,/home/mario/WS/OCTOPUS/PyOctopus/datasets/Estratto_Rettilineo_AR/Andata/007/C/Scores_Z_C2_007.txt,/home/mario/WS/OCTOPUS/PyOctopus/datasets/Estratto_Rettilineo_AR/Andata/007/C/UnifiedScore_Z_C2_007.txt,False,False,49521,49521,0,5,"[5, 6, 7, 8, 9, 10, 11, 12]","[469, 6279, 12045, 17830, 23588, 29386, 35151, 40935, 46701]",False,"[0,-425,-1185,-1610]","[0,-425,-1185,-1609]"
f332fdae-9feb-4972-b0ce-ad12ebfbe7f7,Estratto_Rettilineo_AR,Andata,007,C,Z,1,FF,/home/mario/WS/OCTOPUS/PyOctopus/datasets/Estratto_Rettilineo_AR/Andata/007/C/Rettilineo_Z_FFC1_007.txt,/home/mario/WS/OCTOPUS/PyOctopus/datasets/Estratto_Rettilineo_AR/Andata/007/Profili delle velocità/Vel_007_FFC1.txt,/home/mario/WS/OCTOPUS/PyOctopus/datasets/Estratto_Rettilineo_AR/Andata/007/C/Scores_Z_FFC1_007.txt,/home/mario/WS/OCTOPUS/PyOctopus/datasets/Estratto_Rettilineo_AR/Andata/007/C/UnifiedScore_Z_FFC1_007.txt,False,False,50241,50241,0,5,"[5, 6, 7, 8, 9, 10, 11, 12]","[399, 6339, 12223, 18124, 24006, 29885, 35730, 41593, 47422]",False,"[0,-434,-1207,-1641]","[0,-433,-1207,-1631]"
3a09f200-9003-4cbb-baa2-21fc67483e2d,Estratto_Rettilineo_AR,Andata,007,C,X,1,F,/home/mario/WS/OCTOPUS/PyOctopus/datasets/Estratto_Rettilineo_AR/Andata/007/C/Rettilineo_X_FC1_007.txt,/home/mario/WS/OCTOPUS/PyOctopus/datasets/Estratto_Rettilineo_AR/Andata/007/Profili delle velocità/Vel_007_FC1.txt,/home/mario/WS/OCTOPUS/PyOctopus/datasets/Estratto_Rettilineo_AR/Andata/007/C/Scores_X_FC1_007.txt,/home/mario/WS/OCTOPUS/PyOctopus/datasets/Estratto_Rettilineo_AR/Andata/007/C/UnifiedScore_X_FC1_007.txt,False,False,50242,50242,0,5,"[5, 6, 7, 8, 9, 10, 11, 12]","[473, 6470, 12401, 18331, 24221, 30083, 35874, 41693, 47448]",False,"[0,-435,-1218,-1653]","[0,-436,-1221,-1657]"
54e9b00e-2525-4e61-ba93-243986c70575,Estratto_Rettilineo_AR,Andata,007,B,X,1,,/home/mario/WS/OCTOPUS/PyOctopus/datasets/Estratto_Rettilineo_AR/Andata/007/B/Rettilineo_X_B1_007.txt,/home/mario/WS/OCTOPUS/PyOctopus/datasets/Estratto_Rettilineo_AR/Andata/007/Profili delle velocità/Vel_007_B1.txt,/home/mario/WS/OCTOPUS/PyOctopus/datasets/Estratto_Rettilineo_AR/Andata/007/B/Scores_X_B1_007.txt,/home/mario/WS/OCTOPUS/PyOctopus/datasets/Estratto_Rettilineo_AR/Andata/007/B/UnifiedScore_X_B1_007.txt,False,False,74283,74283,0,5,"[5, 6, 7, 8, 9, 10, 11, 12]","[763, 9500, 18135, 26833, 35506, 44188, 52828, 61532, 70207]",False,"[0,-638,-1779,-2416]","[0,-638,-1779,-2416]"
542a9c96-4dae-47e5-9d6b-124d93ea7671,Estratto_Rettilineo_AR,Andata,007,B,X,1,F,/home/mario/WS/OCTOPUS/PyOctopus/datasets/Estratto_Rettilineo_AR/Andata/007/B/Rettilineo_X_FB1_007.txt,/home/mario/WS/OCTOPUS/PyOctopus/datasets/Estratto_Rettilineo_AR/Andata/007/Profili delle velocità/Vel_007_FB1.txt,/home/mario/WS/OCTOPUS/PyOctopus/datasets/Estratto_Rettilineo_AR/Andata/007/B/Scores_X_FB1_007.txt,/home/mario/WS/OCTOPUS/PyOctopus/datasets/Estratto_Rettilineo_AR/Andata/007/B/UnifiedScore_X_FB1_007.txt,False,False,74163,74163,0,5,"[5, 6, 7, 8, 9, 10, 11, 12]","[690, 9392, 18009, 26649, 35317, 43977, 52586, 61250, 69868]",False,"[0,-636,-1774,-2410]","[0,-636,-1774,-2409]"
d1b370d1-f650-4558-8dc8-5c807fcc38a1,Estratto_Rettilineo_AR,Andata,007,B,X,2,,/home/mario/WS/OCTOPUS/PyOctopus/datasets/Estratto_Rettilineo_AR/Andata/007/B/Rettilineo_X_B2_007.txt,/home/mario/WS/OCTOPUS/PyOctopus/datasets/Estratto_Rettilineo_AR/Andata/007/Profili delle velocità/Vel_007_B2.txt,/home/mario/WS/OCTOPUS/PyOctopus/datasets/Estratto_Rettilineo_AR/Andata/007/B/Scores_X_B2_007.txt,/home/mario/WS/OCTOPUS/PyOctopus/datasets/Estratto_Rettilineo_AR/Andata/007/B/UnifiedScore_X_B2_007.txt,False,False,74403,74403,0,5,"[5, 6, 7, 8, 9, 10, 11, 12]","[690, 9499, 18097, 26807, 35505, 44170, 52872, 61589, 70281]",False,"[0,-640,-1783,-2422]","[0,-640,-1782,-2421]"
ef4c4f5b-d6d8-44b8-9d23-2fa577ceff65,Estratto_Rettilineo_AR,Andata,007,B,Y,1,,/home/mario/WS/OCTOPUS/PyOctopus/datasets/Estratto_Rettilineo_AR/Andata/007/B/Rettilineo_Y_B1_007.txt,/home/mario/WS/OCTOPUS/PyOctopus/datasets/Estratto_Rettilineo_AR/Andata/007/Profili delle velocità/Vel_007_B1.txt,/home/mario/WS/OCTOPUS/PyOctopus/datasets/Estratto_Rettilineo_AR/Andata/007/B/Scores_Y_B1_007.txt,/home/mario/WS/OCTOPUS/PyOctopus/datasets/Estratto_Rettilineo_AR/Andata/007/B/UnifiedScore_Y_B1_007.txt,False,False,74283,74283,0,5,"[5, 6, 7, 8, 9, 10, 11, 12]","[763, 9500, 18135, 26833, 35506, 44188, 52828, 61532, 70207]",False,"[0,-638,-1779,-2416]","[0,-639,-1778,-2417]"
2b731538-6c26-4da1-bae8-4709d230504d,Estratto_Rettilineo_AR,Andata,007,B,Y,1,F,/home/mario/WS/OCTOPUS/PyOctopus/datasets/Estratto_Rettilineo_AR/Andata/007/B/Rettilineo_Y_FB1_007.txt,/home/mario/WS/OCTOPUS/PyOctopus/datasets/Estratto_Rettilineo_AR/Andata/007/Profili delle velocità/Vel_007_FB1.txt,/home/mario/WS/OCTOPUS/PyOctopus/datasets/Estratto_Rettilineo_AR/Andata/007/B/Scores_Y_FB1_007.txt,/home/mario/WS/OCTOPUS/PyOctopus/datasets/Estratto_Rettilineo_AR/Andata/007/B/UnifiedScore_Y_FB1_007.txt,False,False,74163,74163,0,5,"[5, 6, 7, 8, 9, 10, 11, 12]","[690, 9392, 18009, 26649, 35317, 43977, 52586, 61250, 69868]",False,"[0,-636,-1774,-2410]","[0,-637,-1774,-2411]"
a0655c5f-993f-438f-a095-c342b5394cca,Estratto_Rettilineo_AR,Andata,007,B,Z,1,,/home/mario/WS/OCTOPUS/PyOctopus/datasets/Estratto_Rettilineo_AR/Andata/007/B/Rettilineo_Z_B1_007.txt,/home/mario/WS/OCTOPUS/PyOctopus/datasets/Estratto_Rettilineo_AR/Andata/007/Profili delle velocità/Vel_007_B1.txt,/home/mario/WS/OCTOPUS/PyOctopus/datasets/Estratto_Rettilineo_AR/Andata/007/B/Scores_Z_B1_007.txt,/home/mario/WS/OCTOPUS/PyOctopus/datasets/Estratto_Rettilineo_AR/Andata/007/B/UnifiedScore_Z_B1_007.txt,False,False,74283,74283,0,5,"[5, 6, 7, 8, 9, 10, 11, 12]","[763, 9500, 18135, 26833, 35506, 44188, 52828, 61532, 70207]",False,"[0,-639,-1779,-2418]","[0,-638,-1779,-2416]"
fec889d3-f0d4-4b94-a110-fbe00cd6d17a,Estratto_Rettilineo_AR,Andata,007,B,Z,1,FF,/home/mario/WS/OCTOPUS/PyOctopus/datasets/Estratto_Rettilineo_AR/Andata/007/B/Rettilineo_Z_FFB1_007.txt,/home/mario/WS/OCTOPUS/PyOctopus/datasets/Estratto_Rettilineo_AR/Andata/007/Profili delle velocità/Vel_007_FFB1.txt,/home/mario/WS/OCTOPUS/PyOctopus/datasets/Estratto_Rettilineo_AR/Andata/007/B/Scores_Z_FFB1_007.txt,/home/mario/WS/OCTOPUS/PyOctopus/datasets/Estratto_Rettilineo_AR/Andata/007/B/UnifiedScore_Z_FFB1_007.txt,False,False,74043,74043,0,5,"[5, 6, 7, 8, 9, 10, 11, 12]","[609, 9322, 17946, 26601, 35275, 43945, 52563, 61244, 69876]",False,"[0,-638,-1774,-2411]","[0,-637,-1774,-2409]"
034209f5-f049-4eb0-b1f1-9fe91d773de7,Estratto_Rettilineo_AR,Andata,007,B,Z,2,,/home/mario/WS/OCTOPUS/PyOctopus/datasets/Estratto_Rettilineo_AR/Andata/007/B/Rettilineo_Z_B2_007.txt,/home/mario/WS/OCTOPUS/PyOctopus/datasets/Estratto_Rettilineo_AR/Andata/007/Profili delle velocità/Vel_007_B2.txt,/home/mario/WS/OCTOPUS/PyOctopus/datasets/Estratto_Rettilineo_AR/Andata/007/B/Scores_Z_B2_007.txt,/home/mario/WS/OCTOPUS/PyOctopus/datasets/Estratto_Rettilineo_AR/Andata/007/B/UnifiedScore_Z_B2_007.txt,False,False,74403,74403,0,5,"[5, 6, 7, 8, 9, 10, 11, 12]","[690, 9499, 18097, 26807, 35505, 44170, 52872, 61589, 70281]",False,"[0,-640,-1783,-2422]","[0,-639,-1782,-2421]"
9578a680-ec5c-4967-bf1a-d33219a090b0,Estratto_Rettilineo_AR,Andata,007,B,Y,2,,/home/mario/WS/OCTOPUS/PyOctopus/datasets/Estratto_Rettilineo_AR/Andata/007/B/Rettilineo_Y_B2_007.txt,/home/mario/WS/OCTOPUS/PyOctopus/datasets/Estratto_Rettilineo_AR/Andata/007/Profili delle velocità/Vel_007_B2.txt,/home/mario/WS/OCTOPUS/PyOctopus/datasets/Estratto_Rettilineo_AR/Andata/007/B/Scores_Y_B2_007.txt,/home/mario/WS/OCTOPUS/PyOctopus/datasets/Estratto_Rettilineo_AR/Andata/007/B/UnifiedScore_Y_B2_007.txt,False,False,74403,74403,0,5,"[5, 6, 7, 8, 9, 10, 11, 12]","[690, 9499, 18097, 26807, 35505, 44170, 52872, 61589, 70281]",False,"[0,-640,-1782,-2422]","[0,-640,-1782,-2422]"
fdb55cac-9a0b-49b0-92d7-edcde9b25c3e,Estratto_Rettilineo_AR,Andata,007,B,X,1,FF,/home/mario/WS/OCTOPUS/PyOctopus/datasets/Estratto_Rettilineo_AR/Andata/007/B/Rettilineo_X_FFB1_007.txt,/home/mario/WS/OCTOPUS/PyOctopus/datasets/Estratto_Rettilineo_AR/Andata/007/Profili delle velocità/Vel_007_FFB1.txt,/home/mario/WS/OCTOPUS/PyOctopus/datasets/Estratto_Rettilineo_AR/Andata/007/B/Scores_X_FFB1_007.txt,/home/mario/WS/OCTOPUS/PyOctopus/datasets/Estratto_Rettilineo_AR/Andata/007/B/UnifiedScore_X_FFB1_007.txt,False,False,74043,74043,0,5,"[5, 6, 7, 8, 9, 10, 11, 12]","[609, 9322, 17946, 26601, 35275, 43945, 52563, 61244, 69876]",False,"[0,-638,-1774,-2410]","[0,-636,-1773,-2409]"
7dfd60b7-6e36-4a29-9bad-052e54e5baad,Estratto_Rettilineo_AR,Andata,007,B,Z,1,F,/home/mario/WS/OCTOPUS/PyOctopus/datasets/Estratto_Rettilineo_AR/Andata/007/B/Rettilineo_Z_FB1_007.txt,/home/mario/WS/OCTOPUS/PyOctopus/datasets/Estratto_Rettilineo_AR/Andata/007/Profili delle velocità/Vel_007_FB1.txt,/home/mario/WS/OCTOPUS/PyOctopus/datasets/Estratto_Rettilineo_AR/Andata/007/B/Scores_Z_FB1_007.txt,/home/mario/WS/OCTOPUS/PyOctopus/datasets/Estratto_Rettilineo_AR/Andata/007/B/UnifiedScore_Z_FB1_007.txt,False,False,74163,74163,0,5,"[5, 6, 7, 8, 9, 10, 11, 12]","[690, 9392, 18009, 26649, 35317, 43977, 52586, 61250, 69868]",False,"[0,-637,-1774,-2411]","[0,-636,-1774,-2409]"
8e183ae8-41f7-4a12-b7a6-e036b1beacd3,Estratto_Rettilineo_AR,Andata,007,B,Y,1,FF,/home/mario/WS/OCTOPUS/PyOctopus/datasets/Estratto_Rettilineo_AR/Andata/007/B/Rettilineo_Y_FFB1_007.txt,/home/mario/WS/OCTOPUS/PyOctopus/datasets/Estratto_Rettilineo_AR/Andata/007/Profili delle velocità/Vel_007_FFB1.txt,/home/mario/WS/OCTOPUS/PyOctopus/datasets/Estratto_Rettilineo_AR/Andata/007/B/Scores_Y_FFB1_007.txt,/home/mario/WS/OCTOPUS/PyOctopus/datasets/Estratto_Rettilineo_AR/Andata/007/B/UnifiedScore_Y_FFB1_007.txt,False,False,74043,74043,0,5,"[5, 6, 7, 8, 9, 10, 11, 12]","[609, 9322, 17946, 26601, 35275, 43945, 52563, 61244, 69876]",False,"[0,-637,-1774,-2411]","[0,-637,-1774,-2411]"
